Version;Date_of_report;Date_of_statistics_week_start;Variant_code;Variant_name;ECDC_category;WHO_category;Is_subvariant_of;Sample_size;Variant_cases
4;2022-08-30 00:33:11;2020-11-30;B.1.1.529;Omicron;;VOC;;75;0
4;2022-08-30 00:33:11;2020-11-30;BA.1;Omicron;VOC;;B.1.1.529;75;0
4;2022-08-30 00:33:11;2020-11-30;BA.2;Omicron;VOC;;B.1.1.529;75;0
4;2022-08-30 00:33:11;2020-11-30;BA.4;Omicron;VOC;VOC-LUM;B.1.1.529;75;0
4;2022-08-30 00:33:11;2020-11-30;BA.5;Omicron;VOC;VOC-LUM;B.1.1.529;75;0
4;2022-08-30 00:33:11;2020-11-30;BA.2.75;Omicron;VOI;VOC-LUM;BA.2;75;0
4;2022-08-30 00:33:11;2020-11-30;BA.2+S:L452X;Omicron;VOI;;BA.2;75;0
4;2022-08-30 00:33:11;2020-11-30;BA.2.12.1;Omicron;VOI;VOC-LUM;BA.2+S:L452X;75;0
4;2022-08-30 00:33:11;2020-11-30;BA.3;Omicron;VUM;;B.1.1.529;75;0
4;2022-08-30 00:33:11;2020-11-30;B.1.617.2;Delta;DEV;;;75;0
4;2022-08-30 00:33:11;2020-11-30;B.1.351;Beta;DEV;;;75;0
4;2022-08-30 00:33:11;2020-11-30;P.1;Gamma;DEV;;;75;0
4;2022-08-30 00:33:11;2020-11-30;B.1.1.7;Alpha;DEV;;;75;1
4;2022-08-30 00:33:11;2020-11-30;B.1.621;Mu;DEV;;;75;0
4;2022-08-30 00:33:11;2020-11-30;C.37;Lambda;DEV;;;75;0
4;2022-08-30 00:33:11;2020-12-07;B.1.1.529;Omicron;;VOC;;127;0
4;2022-08-30 00:33:11;2020-12-07;BA.1;Omicron;VOC;;B.1.1.529;127;0
4;2022-08-30 00:33:11;2020-12-07;BA.2;Omicron;VOC;;B.1.1.529;127;0
4;2022-08-30 00:33:11;2020-12-07;BA.4;Omicron;VOC;VOC-LUM;B.1.1.529;127;0
4;2022-08-30 00:33:11;2020-12-07;BA.5;Omicron;VOC;VOC-LUM;B.1.1.529;127;0
4;2022-08-30 00:33:11;2020-12-07;BA.2.75;Omicron;VOI;VOC-LUM;BA.2;127;0
4;2022-08-30 00:33:11;2020-12-07;BA.2+S:L452X;Omicron;VOI;;BA.2;127;0
4;2022-08-30 00:33:11;2020-12-07;BA.2.12.1;Omicron;VOI;VOC-LUM;BA.2+S:L452X;127;0
4;2022-08-30 00:33:11;2020-12-07;BA.3;Omicron;VUM;;B.1.1.529;127;0
4;2022-08-30 00:33:11;2020-12-07;B.1.617.2;Delta;DEV;;;127;0
4;2022-08-30 00:33:11;2020-12-07;B.1.351;Beta;DEV;;;127;0
4;2022-08-30 00:33:11;2020-12-07;P.1;Gamma;DEV;;;127;0
4;2022-08-30 00:33:11;2020-12-07;B.1.1.7;Alpha;DEV;;;127;1
4;2022-08-30 00:33:11;2020-12-07;B.1.621;Mu;DEV;;;127;0
4;2022-08-30 00:33:11;2020-12-07;C.37;Lambda;DEV;;;127;0
4;2022-08-30 00:33:11;2020-12-14;B.1.1.529;Omicron;;VOC;;203;0
4;2022-08-30 00:33:11;2020-12-14;BA.1;Omicron;VOC;;B.1.1.529;203;0
4;2022-08-30 00:33:11;2020-12-14;BA.2;Omicron;VOC;;B.1.1.529;203;0
4;2022-08-30 00:33:11;2020-12-14;BA.4;Omicron;VOC;VOC-LUM;B.1.1.529;203;0
4;2022-08-30 00:33:11;2020-12-14;BA.5;Omicron;VOC;VOC-LUM;B.1.1.529;203;0
4;2022-08-30 00:33:11;2020-12-14;BA.2.75;Omicron;VOI;VOC-LUM;BA.2;203;0
4;2022-08-30 00:33:11;2020-12-14;BA.2+S:L452X;Omicron;VOI;;BA.2;203;0
4;2022-08-30 00:33:11;2020-12-14;BA.2.12.1;Omicron;VOI;VOC-LUM;BA.2+S:L452X;203;0
4;2022-08-30 00:33:11;2020-12-14;BA.3;Omicron;VUM;;B.1.1.529;203;0
4;2022-08-30 00:33:11;2020-12-14;B.1.617.2;Delta;DEV;;;203;0
4;2022-08-30 00:33:11;2020-12-14;B.1.351;Beta;DEV;;;203;0
4;2022-08-30 00:33:11;2020-12-14;P.1;Gamma;DEV;;;203;0
4;2022-08-30 00:33:11;2020-12-14;B.1.1.7;Alpha;DEV;;;203;1
4;2022-08-30 00:33:11;2020-12-14;B.1.621;Mu;DEV;;;203;0
4;2022-08-30 00:33:11;2020-12-14;C.37;Lambda;DEV;;;203;0
4;2022-08-30 00:33:11;2020-12-21;B.1.1.529;Omicron;;VOC;;257;0
4;2022-08-30 00:33:11;2020-12-21;BA.1;Omicron;VOC;;B.1.1.529;257;0
4;2022-08-30 00:33:11;2020-12-21;BA.2;Omicron;VOC;;B.1.1.529;257;0
4;2022-08-30 00:33:11;2020-12-21;BA.4;Omicron;VOC;VOC-LUM;B.1.1.529;257;0
4;2022-08-30 00:33:11;2020-12-21;BA.5;Omicron;VOC;VOC-LUM;B.1.1.529;257;0
4;2022-08-30 00:33:11;2020-12-21;BA.2.75;Omicron;VOI;VOC-LUM;BA.2;257;0
4;2022-08-30 00:33:11;2020-12-21;BA.2+S:L452X;Omicron;VOI;;BA.2;257;0
4;2022-08-30 00:33:11;2020-12-21;BA.2.12.1;Omicron;VOI;VOC-LUM;BA.2+S:L452X;257;0
4;2022-08-30 00:33:11;2020-12-21;BA.3;Omicron;VUM;;B.1.1.529;257;0
4;2022-08-30 00:33:11;2020-12-21;B.1.617.2;Delta;DEV;;;257;0
4;2022-08-30 00:33:11;2020-12-21;B.1.351;Beta;DEV;;;257;1
4;2022-08-30 00:33:11;2020-12-21;P.1;Gamma;DEV;;;257;0
4;2022-08-30 00:33:11;2020-12-21;B.1.1.7;Alpha;DEV;;;257;5
4;2022-08-30 00:33:11;2020-12-21;B.1.621;Mu;DEV;;;257;0
4;2022-08-30 00:33:11;2020-12-21;C.37;Lambda;DEV;;;257;0
4;2022-08-30 00:33:11;2020-12-28;B.1.1.529;Omicron;;VOC;;207;0
4;2022-08-30 00:33:11;2020-12-28;BA.1;Omicron;VOC;;B.1.1.529;207;0
4;2022-08-30 00:33:11;2020-12-28;BA.2;Omicron;VOC;;B.1.1.529;207;0
4;2022-08-30 00:33:11;2020-12-28;BA.4;Omicron;VOC;VOC-LUM;B.1.1.529;207;0
4;2022-08-30 00:33:11;2020-12-28;BA.5;Omicron;VOC;VOC-LUM;B.1.1.529;207;0
4;2022-08-30 00:33:11;2020-12-28;BA.2.75;Omicron;VOI;VOC-LUM;BA.2;207;0
4;2022-08-30 00:33:11;2020-12-28;BA.2+S:L452X;Omicron;VOI;;BA.2;207;0
4;2022-08-30 00:33:11;2020-12-28;BA.2.12.1;Omicron;VOI;VOC-LUM;BA.2+S:L452X;207;0
4;2022-08-30 00:33:11;2020-12-28;BA.3;Omicron;VUM;;B.1.1.529;207;0
4;2022-08-30 00:33:11;2020-12-28;B.1.617.2;Delta;DEV;;;207;0
4;2022-08-30 00:33:11;2020-12-28;B.1.351;Beta;DEV;;;207;1
4;2022-08-30 00:33:11;2020-12-28;P.1;Gamma;DEV;;;207;0
4;2022-08-30 00:33:11;2020-12-28;B.1.1.7;Alpha;DEV;;;207;9
4;2022-08-30 00:33:11;2020-12-28;B.1.621;Mu;DEV;;;207;0
4;2022-08-30 00:33:11;2020-12-28;C.37;Lambda;DEV;;;207;0
4;2022-08-30 00:33:11;2021-01-04;B.1.1.529;Omicron;;VOC;;356;0
4;2022-08-30 00:33:11;2021-01-04;BA.1;Omicron;VOC;;B.1.1.529;356;0
4;2022-08-30 00:33:11;2021-01-04;BA.2;Omicron;VOC;;B.1.1.529;356;0
4;2022-08-30 00:33:11;2021-01-04;BA.4;Omicron;VOC;VOC-LUM;B.1.1.529;356;0
4;2022-08-30 00:33:11;2021-01-04;BA.5;Omicron;VOC;VOC-LUM;B.1.1.529;356;0
4;2022-08-30 00:33:11;2021-01-04;BA.2.75;Omicron;VOI;VOC-LUM;BA.2;356;0
4;2022-08-30 00:33:11;2021-01-04;BA.2+S:L452X;Omicron;VOI;;BA.2;356;0
4;2022-08-30 00:33:11;2021-01-04;BA.2.12.1;Omicron;VOI;VOC-LUM;BA.2+S:L452X;356;0
4;2022-08-30 00:33:11;2021-01-04;BA.3;Omicron;VUM;;B.1.1.529;356;0
4;2022-08-30 00:33:11;2021-01-04;B.1.617.2;Delta;DEV;;;356;0
4;2022-08-30 00:33:11;2021-01-04;B.1.351;Beta;DEV;;;356;0
4;2022-08-30 00:33:11;2021-01-04;P.1;Gamma;DEV;;;356;0
4;2022-08-30 00:33:11;2021-01-04;B.1.1.7;Alpha;DEV;;;356;45
4;2022-08-30 00:33:11;2021-01-04;B.1.621;Mu;DEV;;;356;0
4;2022-08-30 00:33:11;2021-01-04;C.37;Lambda;DEV;;;356;0
4;2022-08-30 00:33:11;2021-01-11;B.1.1.529;Omicron;;VOC;;303;0
4;2022-08-30 00:33:11;2021-01-11;BA.1;Omicron;VOC;;B.1.1.529;303;0
4;2022-08-30 00:33:11;2021-01-11;BA.2;Omicron;VOC;;B.1.1.529;303;0
4;2022-08-30 00:33:11;2021-01-11;BA.4;Omicron;VOC;VOC-LUM;B.1.1.529;303;0
4;2022-08-30 00:33:11;2021-01-11;BA.5;Omicron;VOC;VOC-LUM;B.1.1.529;303;0
4;2022-08-30 00:33:11;2021-01-11;BA.2.75;Omicron;VOI;VOC-LUM;BA.2;303;0
4;2022-08-30 00:33:11;2021-01-11;BA.2+S:L452X;Omicron;VOI;;BA.2;303;0
4;2022-08-30 00:33:11;2021-01-11;BA.2.12.1;Omicron;VOI;VOC-LUM;BA.2+S:L452X;303;0
4;2022-08-30 00:33:11;2021-01-11;BA.3;Omicron;VUM;;B.1.1.529;303;0
4;2022-08-30 00:33:11;2021-01-11;B.1.617.2;Delta;DEV;;;303;0
4;2022-08-30 00:33:11;2021-01-11;B.1.351;Beta;DEV;;;303;3
4;2022-08-30 00:33:11;2021-01-11;P.1;Gamma;DEV;;;303;0
4;2022-08-30 00:33:11;2021-01-11;B.1.1.7;Alpha;DEV;;;303;61
4;2022-08-30 00:33:11;2021-01-11;B.1.621;Mu;DEV;;;303;0
4;2022-08-30 00:33:11;2021-01-11;C.37;Lambda;DEV;;;303;0
4;2022-08-30 00:33:11;2021-01-18;B.1.1.529;Omicron;;VOC;;651;0
4;2022-08-30 00:33:11;2021-01-18;BA.1;Omicron;VOC;;B.1.1.529;651;0
4;2022-08-30 00:33:11;2021-01-18;BA.2;Omicron;VOC;;B.1.1.529;651;0
4;2022-08-30 00:33:11;2021-01-18;BA.4;Omicron;VOC;VOC-LUM;B.1.1.529;651;0
4;2022-08-30 00:33:11;2021-01-18;BA.5;Omicron;VOC;VOC-LUM;B.1.1.529;651;0
4;2022-08-30 00:33:11;2021-01-18;BA.2.75;Omicron;VOI;VOC-LUM;BA.2;651;0
4;2022-08-30 00:33:11;2021-01-18;BA.2+S:L452X;Omicron;VOI;;BA.2;651;0
4;2022-08-30 00:33:11;2021-01-18;BA.2.12.1;Omicron;VOI;VOC-LUM;BA.2+S:L452X;651;0
4;2022-08-30 00:33:11;2021-01-18;BA.3;Omicron;VUM;;B.1.1.529;651;0
4;2022-08-30 00:33:11;2021-01-18;B.1.617.2;Delta;DEV;;;651;0
4;2022-08-30 00:33:11;2021-01-18;B.1.351;Beta;DEV;;;651;3
4;2022-08-30 00:33:11;2021-01-18;P.1;Gamma;DEV;;;651;0
4;2022-08-30 00:33:11;2021-01-18;B.1.1.7;Alpha;DEV;;;651;158
4;2022-08-30 00:33:11;2021-01-18;B.1.621;Mu;DEV;;;651;0
4;2022-08-30 00:33:11;2021-01-18;C.37;Lambda;DEV;;;651;0
4;2022-08-30 00:33:11;2021-01-25;B.1.1.529;Omicron;;VOC;;876;0
4;2022-08-30 00:33:11;2021-01-25;BA.1;Omicron;VOC;;B.1.1.529;876;0
4;2022-08-30 00:33:11;2021-01-25;BA.2;Omicron;VOC;;B.1.1.529;876;0
4;2022-08-30 00:33:11;2021-01-25;BA.4;Omicron;VOC;VOC-LUM;B.1.1.529;876;0
4;2022-08-30 00:33:11;2021-01-25;BA.5;Omicron;VOC;VOC-LUM;B.1.1.529;876;0
4;2022-08-30 00:33:11;2021-01-25;BA.2.75;Omicron;VOI;VOC-LUM;BA.2;876;0
4;2022-08-30 00:33:11;2021-01-25;BA.2+S:L452X;Omicron;VOI;;BA.2;876;0
4;2022-08-30 00:33:11;2021-01-25;BA.2.12.1;Omicron;VOI;VOC-LUM;BA.2+S:L452X;876;0
4;2022-08-30 00:33:11;2021-01-25;BA.3;Omicron;VUM;;B.1.1.529;876;0
4;2022-08-30 00:33:11;2021-01-25;B.1.617.2;Delta;DEV;;;876;0
4;2022-08-30 00:33:11;2021-01-25;B.1.351;Beta;DEV;;;876;14
4;2022-08-30 00:33:11;2021-01-25;P.1;Gamma;DEV;;;876;1
4;2022-08-30 00:33:11;2021-01-25;B.1.1.7;Alpha;DEV;;;876;224
4;2022-08-30 00:33:11;2021-01-25;B.1.621;Mu;DEV;;;876;0
4;2022-08-30 00:33:11;2021-01-25;C.37;Lambda;DEV;;;876;0
4;2022-08-30 00:33:11;2021-02-01;B.1.1.529;Omicron;;VOC;;867;0
4;2022-08-30 00:33:11;2021-02-01;BA.1;Omicron;VOC;;B.1.1.529;867;0
4;2022-08-30 00:33:11;2021-02-01;BA.2;Omicron;VOC;;B.1.1.529;867;0
4;2022-08-30 00:33:11;2021-02-01;BA.4;Omicron;VOC;VOC-LUM;B.1.1.529;867;0
4;2022-08-30 00:33:11;2021-02-01;BA.5;Omicron;VOC;VOC-LUM;B.1.1.529;867;0
4;2022-08-30 00:33:11;2021-02-01;BA.2.75;Omicron;VOI;VOC-LUM;BA.2;867;0
4;2022-08-30 00:33:11;2021-02-01;BA.2+S:L452X;Omicron;VOI;;BA.2;867;0
4;2022-08-30 00:33:11;2021-02-01;BA.2.12.1;Omicron;VOI;VOC-LUM;BA.2+S:L452X;867;0
4;2022-08-30 00:33:11;2021-02-01;BA.3;Omicron;VUM;;B.1.1.529;867;0
4;2022-08-30 00:33:11;2021-02-01;B.1.617.2;Delta;DEV;;;867;0
4;2022-08-30 00:33:11;2021-02-01;B.1.351;Beta;DEV;;;867;20
4;2022-08-30 00:33:11;2021-02-01;P.1;Gamma;DEV;;;867;0
4;2022-08-30 00:33:11;2021-02-01;B.1.1.7;Alpha;DEV;;;867;272
4;2022-08-30 00:33:11;2021-02-01;B.1.621;Mu;DEV;;;867;0
4;2022-08-30 00:33:11;2021-02-01;C.37;Lambda;DEV;;;867;0
4;2022-08-30 00:33:11;2021-02-08;B.1.1.529;Omicron;;VOC;;947;0
4;2022-08-30 00:33:11;2021-02-08;BA.1;Omicron;VOC;;B.1.1.529;947;0
4;2022-08-30 00:33:11;2021-02-08;BA.2;Omicron;VOC;;B.1.1.529;947;0
4;2022-08-30 00:33:11;2021-02-08;BA.4;Omicron;VOC;VOC-LUM;B.1.1.529;947;0
4;2022-08-30 00:33:11;2021-02-08;BA.5;Omicron;VOC;VOC-LUM;B.1.1.529;947;0
4;2022-08-30 00:33:11;2021-02-08;BA.2.75;Omicron;VOI;VOC-LUM;BA.2;947;0
4;2022-08-30 00:33:11;2021-02-08;BA.2+S:L452X;Omicron;VOI;;BA.2;947;0
4;2022-08-30 00:33:11;2021-02-08;BA.2.12.1;Omicron;VOI;VOC-LUM;BA.2+S:L452X;947;0
4;2022-08-30 00:33:11;2021-02-08;BA.3;Omicron;VUM;;B.1.1.529;947;0
4;2022-08-30 00:33:11;2021-02-08;B.1.617.2;Delta;DEV;;;947;0
4;2022-08-30 00:33:11;2021-02-08;B.1.351;Beta;DEV;;;947;34
4;2022-08-30 00:33:11;2021-02-08;P.1;Gamma;DEV;;;947;0
4;2022-08-30 00:33:11;2021-02-08;B.1.1.7;Alpha;DEV;;;947;357
4;2022-08-30 00:33:11;2021-02-08;B.1.621;Mu;DEV;;;947;0
4;2022-08-30 00:33:11;2021-02-08;C.37;Lambda;DEV;;;947;0
4;2022-08-30 00:33:11;2021-02-15;B.1.1.529;Omicron;;VOC;;1048;0
4;2022-08-30 00:33:11;2021-02-15;BA.1;Omicron;VOC;;B.1.1.529;1048;0
4;2022-08-30 00:33:11;2021-02-15;BA.2;Omicron;VOC;;B.1.1.529;1048;0
4;2022-08-30 00:33:11;2021-02-15;BA.4;Omicron;VOC;VOC-LUM;B.1.1.529;1048;0
4;2022-08-30 00:33:11;2021-02-15;BA.5;Omicron;VOC;VOC-LUM;B.1.1.529;1048;0
4;2022-08-30 00:33:11;2021-02-15;BA.2.75;Omicron;VOI;VOC-LUM;BA.2;1048;0
4;2022-08-30 00:33:11;2021-02-15;BA.2+S:L452X;Omicron;VOI;;BA.2;1048;0
4;2022-08-30 00:33:11;2021-02-15;BA.2.12.1;Omicron;VOI;VOC-LUM;BA.2+S:L452X;1048;0
4;2022-08-30 00:33:11;2021-02-15;BA.3;Omicron;VUM;;B.1.1.529;1048;0
4;2022-08-30 00:33:11;2021-02-15;B.1.617.2;Delta;DEV;;;1048;0
4;2022-08-30 00:33:11;2021-02-15;B.1.351;Beta;DEV;;;1048;32
4;2022-08-30 00:33:11;2021-02-15;P.1;Gamma;DEV;;;1048;1
4;2022-08-30 00:33:11;2021-02-15;B.1.1.7;Alpha;DEV;;;1048;643
4;2022-08-30 00:33:11;2021-02-15;B.1.621;Mu;DEV;;;1048;0
4;2022-08-30 00:33:11;2021-02-15;C.37;Lambda;DEV;;;1048;0
4;2022-08-30 00:33:11;2021-02-22;B.1.1.529;Omicron;;VOC;;1037;0
4;2022-08-30 00:33:11;2021-02-22;BA.1;Omicron;VOC;;B.1.1.529;1037;0
4;2022-08-30 00:33:11;2021-02-22;BA.2;Omicron;VOC;;B.1.1.529;1037;0
4;2022-08-30 00:33:11;2021-02-22;BA.4;Omicron;VOC;VOC-LUM;B.1.1.529;1037;0
4;2022-08-30 00:33:11;2021-02-22;BA.5;Omicron;VOC;VOC-LUM;B.1.1.529;1037;0
4;2022-08-30 00:33:11;2021-02-22;BA.2.75;Omicron;VOI;VOC-LUM;BA.2;1037;0
4;2022-08-30 00:33:11;2021-02-22;BA.2+S:L452X;Omicron;VOI;;BA.2;1037;0
4;2022-08-30 00:33:11;2021-02-22;BA.2.12.1;Omicron;VOI;VOC-LUM;BA.2+S:L452X;1037;0
4;2022-08-30 00:33:11;2021-02-22;BA.3;Omicron;VUM;;B.1.1.529;1037;0
4;2022-08-30 00:33:11;2021-02-22;B.1.617.2;Delta;DEV;;;1037;0
4;2022-08-30 00:33:11;2021-02-22;B.1.351;Beta;DEV;;;1037;19
4;2022-08-30 00:33:11;2021-02-22;P.1;Gamma;DEV;;;1037;3
4;2022-08-30 00:33:11;2021-02-22;B.1.1.7;Alpha;DEV;;;1037;794
4;2022-08-30 00:33:11;2021-02-22;B.1.621;Mu;DEV;;;1037;0
4;2022-08-30 00:33:11;2021-02-22;C.37;Lambda;DEV;;;1037;0
4;2022-08-30 00:33:11;2021-03-01;B.1.1.529;Omicron;;VOC;;1515;0
4;2022-08-30 00:33:11;2021-03-01;BA.1;Omicron;VOC;;B.1.1.529;1515;0
4;2022-08-30 00:33:11;2021-03-01;BA.2;Omicron;VOC;;B.1.1.529;1515;0
4;2022-08-30 00:33:11;2021-03-01;BA.4;Omicron;VOC;VOC-LUM;B.1.1.529;1515;0
4;2022-08-30 00:33:11;2021-03-01;BA.5;Omicron;VOC;VOC-LUM;B.1.1.529;1515;0
4;2022-08-30 00:33:11;2021-03-01;BA.2.75;Omicron;VOI;VOC-LUM;BA.2;1515;0
4;2022-08-30 00:33:11;2021-03-01;BA.2+S:L452X;Omicron;VOI;;BA.2;1515;0
4;2022-08-30 00:33:11;2021-03-01;BA.2.12.1;Omicron;VOI;VOC-LUM;BA.2+S:L452X;1515;0
4;2022-08-30 00:33:11;2021-03-01;BA.3;Omicron;VUM;;B.1.1.529;1515;0
4;2022-08-30 00:33:11;2021-03-01;B.1.617.2;Delta;DEV;;;1515;0
4;2022-08-30 00:33:11;2021-03-01;B.1.351;Beta;DEV;;;1515;24
4;2022-08-30 00:33:11;2021-03-01;P.1;Gamma;DEV;;;1515;10
4;2022-08-30 00:33:11;2021-03-01;B.1.1.7;Alpha;DEV;;;1515;1271
4;2022-08-30 00:33:11;2021-03-01;B.1.621;Mu;DEV;;;1515;0
4;2022-08-30 00:33:11;2021-03-01;C.37;Lambda;DEV;;;1515;0
4;2022-08-30 00:33:11;2021-03-08;B.1.1.529;Omicron;;VOC;;1974;0
4;2022-08-30 00:33:11;2021-03-08;BA.1;Omicron;VOC;;B.1.1.529;1974;0
4;2022-08-30 00:33:11;2021-03-08;BA.2;Omicron;VOC;;B.1.1.529;1974;0
4;2022-08-30 00:33:11;2021-03-08;BA.4;Omicron;VOC;VOC-LUM;B.1.1.529;1974;0
4;2022-08-30 00:33:11;2021-03-08;BA.5;Omicron;VOC;VOC-LUM;B.1.1.529;1974;0
4;2022-08-30 00:33:11;2021-03-08;BA.2.75;Omicron;VOI;VOC-LUM;BA.2;1974;0
4;2022-08-30 00:33:11;2021-03-08;BA.2+S:L452X;Omicron;VOI;;BA.2;1974;0
4;2022-08-30 00:33:11;2021-03-08;BA.2.12.1;Omicron;VOI;VOC-LUM;BA.2+S:L452X;1974;0
4;2022-08-30 00:33:11;2021-03-08;BA.3;Omicron;VUM;;B.1.1.529;1974;0
4;2022-08-30 00:33:11;2021-03-08;B.1.617.2;Delta;DEV;;;1974;0
4;2022-08-30 00:33:11;2021-03-08;B.1.351;Beta;DEV;;;1974;56
4;2022-08-30 00:33:11;2021-03-08;P.1;Gamma;DEV;;;1974;13
4;2022-08-30 00:33:11;2021-03-08;B.1.1.7;Alpha;DEV;;;1974;1729
4;2022-08-30 00:33:11;2021-03-08;B.1.621;Mu;DEV;;;1974;0
4;2022-08-30 00:33:11;2021-03-08;C.37;Lambda;DEV;;;1974;0
4;2022-08-30 00:33:11;2021-03-15;B.1.1.529;Omicron;;VOC;;1563;0
4;2022-08-30 00:33:11;2021-03-15;BA.1;Omicron;VOC;;B.1.1.529;1563;0
4;2022-08-30 00:33:11;2021-03-15;BA.2;Omicron;VOC;;B.1.1.529;1563;0
4;2022-08-30 00:33:11;2021-03-15;BA.4;Omicron;VOC;VOC-LUM;B.1.1.529;1563;0
4;2022-08-30 00:33:11;2021-03-15;BA.5;Omicron;VOC;VOC-LUM;B.1.1.529;1563;0
4;2022-08-30 00:33:11;2021-03-15;BA.2.75;Omicron;VOI;VOC-LUM;BA.2;1563;0
4;2022-08-30 00:33:11;2021-03-15;BA.2+S:L452X;Omicron;VOI;;BA.2;1563;0
4;2022-08-30 00:33:11;2021-03-15;BA.2.12.1;Omicron;VOI;VOC-LUM;BA.2+S:L452X;1563;0
4;2022-08-30 00:33:11;2021-03-15;BA.3;Omicron;VUM;;B.1.1.529;1563;0
4;2022-08-30 00:33:11;2021-03-15;B.1.617.2;Delta;DEV;;;1563;0
4;2022-08-30 00:33:11;2021-03-15;B.1.351;Beta;DEV;;;1563;55
4;2022-08-30 00:33:11;2021-03-15;P.1;Gamma;DEV;;;1563;23
4;2022-08-30 00:33:11;2021-03-15;B.1.1.7;Alpha;DEV;;;1563;1400
4;2022-08-30 00:33:11;2021-03-15;B.1.621;Mu;DEV;;;1563;0
4;2022-08-30 00:33:11;2021-03-15;C.37;Lambda;DEV;;;1563;0
4;2022-08-30 00:33:11;2021-03-22;B.1.1.529;Omicron;;VOC;;1601;0
4;2022-08-30 00:33:11;2021-03-22;BA.1;Omicron;VOC;;B.1.1.529;1601;0
4;2022-08-30 00:33:11;2021-03-22;BA.2;Omicron;VOC;;B.1.1.529;1601;0
4;2022-08-30 00:33:11;2021-03-22;BA.4;Omicron;VOC;VOC-LUM;B.1.1.529;1601;0
4;2022-08-30 00:33:11;2021-03-22;BA.5;Omicron;VOC;VOC-LUM;B.1.1.529;1601;0
4;2022-08-30 00:33:11;2021-03-22;BA.2.75;Omicron;VOI;VOC-LUM;BA.2;1601;0
4;2022-08-30 00:33:11;2021-03-22;BA.2+S:L452X;Omicron;VOI;;BA.2;1601;0
4;2022-08-30 00:33:11;2021-03-22;BA.2.12.1;Omicron;VOI;VOC-LUM;BA.2+S:L452X;1601;0
4;2022-08-30 00:33:11;2021-03-22;BA.3;Omicron;VUM;;B.1.1.529;1601;0
4;2022-08-30 00:33:11;2021-03-22;B.1.617.2;Delta;DEV;;;1601;0
4;2022-08-30 00:33:11;2021-03-22;B.1.351;Beta;DEV;;;1601;39
4;2022-08-30 00:33:11;2021-03-22;P.1;Gamma;DEV;;;1601;23
4;2022-08-30 00:33:11;2021-03-22;B.1.1.7;Alpha;DEV;;;1601;1495
4;2022-08-30 00:33:11;2021-03-22;B.1.621;Mu;DEV;;;1601;0
4;2022-08-30 00:33:11;2021-03-22;C.37;Lambda;DEV;;;1601;0
4;2022-08-30 00:33:11;2021-03-29;B.1.1.529;Omicron;;VOC;;1727;0
4;2022-08-30 00:33:11;2021-03-29;BA.1;Omicron;VOC;;B.1.1.529;1727;0
4;2022-08-30 00:33:11;2021-03-29;BA.2;Omicron;VOC;;B.1.1.529;1727;0
4;2022-08-30 00:33:11;2021-03-29;BA.4;Omicron;VOC;VOC-LUM;B.1.1.529;1727;0
4;2022-08-30 00:33:11;2021-03-29;BA.5;Omicron;VOC;VOC-LUM;B.1.1.529;1727;0
4;2022-08-30 00:33:11;2021-03-29;BA.2.75;Omicron;VOI;VOC-LUM;BA.2;1727;0
4;2022-08-30 00:33:11;2021-03-29;BA.2+S:L452X;Omicron;VOI;;BA.2;1727;0
4;2022-08-30 00:33:11;2021-03-29;BA.2.12.1;Omicron;VOI;VOC-LUM;BA.2+S:L452X;1727;0
4;2022-08-30 00:33:11;2021-03-29;BA.3;Omicron;VUM;;B.1.1.529;1727;0
4;2022-08-30 00:33:11;2021-03-29;B.1.617.2;Delta;DEV;;;1727;0
4;2022-08-30 00:33:11;2021-03-29;B.1.351;Beta;DEV;;;1727;41
4;2022-08-30 00:33:11;2021-03-29;P.1;Gamma;DEV;;;1727;15
4;2022-08-30 00:33:11;2021-03-29;B.1.1.7;Alpha;DEV;;;1727;1635
4;2022-08-30 00:33:11;2021-03-29;B.1.621;Mu;DEV;;;1727;0
4;2022-08-30 00:33:11;2021-03-29;C.37;Lambda;DEV;;;1727;0
4;2022-08-30 00:33:11;2021-04-05;B.1.1.529;Omicron;;VOC;;1532;0
4;2022-08-30 00:33:11;2021-04-05;BA.1;Omicron;VOC;;B.1.1.529;1532;0
4;2022-08-30 00:33:11;2021-04-05;BA.2;Omicron;VOC;;B.1.1.529;1532;0
4;2022-08-30 00:33:11;2021-04-05;BA.4;Omicron;VOC;VOC-LUM;B.1.1.529;1532;0
4;2022-08-30 00:33:11;2021-04-05;BA.5;Omicron;VOC;VOC-LUM;B.1.1.529;1532;0
4;2022-08-30 00:33:11;2021-04-05;BA.2.75;Omicron;VOI;VOC-LUM;BA.2;1532;0
4;2022-08-30 00:33:11;2021-04-05;BA.2+S:L452X;Omicron;VOI;;BA.2;1532;0
4;2022-08-30 00:33:11;2021-04-05;BA.2.12.1;Omicron;VOI;VOC-LUM;BA.2+S:L452X;1532;0
4;2022-08-30 00:33:11;2021-04-05;BA.3;Omicron;VUM;;B.1.1.529;1532;0
4;2022-08-30 00:33:11;2021-04-05;B.1.617.2;Delta;DEV;;;1532;0
4;2022-08-30 00:33:11;2021-04-05;B.1.351;Beta;DEV;;;1532;28
4;2022-08-30 00:33:11;2021-04-05;P.1;Gamma;DEV;;;1532;23
4;2022-08-30 00:33:11;2021-04-05;B.1.1.7;Alpha;DEV;;;1532;1461
4;2022-08-30 00:33:11;2021-04-05;B.1.621;Mu;DEV;;;1532;1
4;2022-08-30 00:33:11;2021-04-05;C.37;Lambda;DEV;;;1532;0
4;2022-08-30 00:33:11;2021-04-12;B.1.1.529;Omicron;;VOC;;1677;0
4;2022-08-30 00:33:11;2021-04-12;BA.1;Omicron;VOC;;B.1.1.529;1677;0
4;2022-08-30 00:33:11;2021-04-12;BA.2;Omicron;VOC;;B.1.1.529;1677;0
4;2022-08-30 00:33:11;2021-04-12;BA.4;Omicron;VOC;VOC-LUM;B.1.1.529;1677;0
4;2022-08-30 00:33:11;2021-04-12;BA.5;Omicron;VOC;VOC-LUM;B.1.1.529;1677;0
4;2022-08-30 00:33:11;2021-04-12;BA.2.75;Omicron;VOI;VOC-LUM;BA.2;1677;0
4;2022-08-30 00:33:11;2021-04-12;BA.2+S:L452X;Omicron;VOI;;BA.2;1677;0
4;2022-08-30 00:33:11;2021-04-12;BA.2.12.1;Omicron;VOI;VOC-LUM;BA.2+S:L452X;1677;0
4;2022-08-30 00:33:11;2021-04-12;BA.3;Omicron;VUM;;B.1.1.529;1677;0
4;2022-08-30 00:33:11;2021-04-12;B.1.617.2;Delta;DEV;;;1677;1
4;2022-08-30 00:33:11;2021-04-12;B.1.351;Beta;DEV;;;1677;20
4;2022-08-30 00:33:11;2021-04-12;P.1;Gamma;DEV;;;1677;21
4;2022-08-30 00:33:11;2021-04-12;B.1.1.7;Alpha;DEV;;;1677;1621
4;2022-08-30 00:33:11;2021-04-12;B.1.621;Mu;DEV;;;1677;1
4;2022-08-30 00:33:11;2021-04-12;C.37;Lambda;DEV;;;1677;0
4;2022-08-30 00:33:11;2021-04-19;B.1.1.529;Omicron;;VOC;;1593;0
4;2022-08-30 00:33:11;2021-04-19;BA.1;Omicron;VOC;;B.1.1.529;1593;0
4;2022-08-30 00:33:11;2021-04-19;BA.2;Omicron;VOC;;B.1.1.529;1593;0
4;2022-08-30 00:33:11;2021-04-19;BA.4;Omicron;VOC;VOC-LUM;B.1.1.529;1593;0
4;2022-08-30 00:33:11;2021-04-19;BA.5;Omicron;VOC;VOC-LUM;B.1.1.529;1593;0
4;2022-08-30 00:33:11;2021-04-19;BA.2.75;Omicron;VOI;VOC-LUM;BA.2;1593;0
4;2022-08-30 00:33:11;2021-04-19;BA.2+S:L452X;Omicron;VOI;;BA.2;1593;0
4;2022-08-30 00:33:11;2021-04-19;BA.2.12.1;Omicron;VOI;VOC-LUM;BA.2+S:L452X;1593;0
4;2022-08-30 00:33:11;2021-04-19;BA.3;Omicron;VUM;;B.1.1.529;1593;0
4;2022-08-30 00:33:11;2021-04-19;B.1.617.2;Delta;DEV;;;1593;2
4;2022-08-30 00:33:11;2021-04-19;B.1.351;Beta;DEV;;;1593;18
4;2022-08-30 00:33:11;2021-04-19;P.1;Gamma;DEV;;;1593;28
4;2022-08-30 00:33:11;2021-04-19;B.1.1.7;Alpha;DEV;;;1593;1532
4;2022-08-30 00:33:11;2021-04-19;B.1.621;Mu;DEV;;;1593;2
4;2022-08-30 00:33:11;2021-04-19;C.37;Lambda;DEV;;;1593;0
4;2022-08-30 00:33:11;2021-04-26;B.1.1.529;Omicron;;VOC;;1691;0
4;2022-08-30 00:33:11;2021-04-26;BA.1;Omicron;VOC;;B.1.1.529;1691;0
4;2022-08-30 00:33:11;2021-04-26;BA.2;Omicron;VOC;;B.1.1.529;1691;0
4;2022-08-30 00:33:11;2021-04-26;BA.4;Omicron;VOC;VOC-LUM;B.1.1.529;1691;0
4;2022-08-30 00:33:11;2021-04-26;BA.5;Omicron;VOC;VOC-LUM;B.1.1.529;1691;0
4;2022-08-30 00:33:11;2021-04-26;BA.2.75;Omicron;VOI;VOC-LUM;BA.2;1691;0
4;2022-08-30 00:33:11;2021-04-26;BA.2+S:L452X;Omicron;VOI;;BA.2;1691;0
4;2022-08-30 00:33:11;2021-04-26;BA.2.12.1;Omicron;VOI;VOC-LUM;BA.2+S:L452X;1691;0
4;2022-08-30 00:33:11;2021-04-26;BA.3;Omicron;VUM;;B.1.1.529;1691;0
4;2022-08-30 00:33:11;2021-04-26;B.1.617.2;Delta;DEV;;;1691;4
4;2022-08-30 00:33:11;2021-04-26;B.1.351;Beta;DEV;;;1691;7
4;2022-08-30 00:33:11;2021-04-26;P.1;Gamma;DEV;;;1691;28
4;2022-08-30 00:33:11;2021-04-26;B.1.1.7;Alpha;DEV;;;1691;1643
4;2022-08-30 00:33:11;2021-04-26;B.1.621;Mu;DEV;;;1691;1
4;2022-08-30 00:33:11;2021-04-26;C.37;Lambda;DEV;;;1691;0
4;2022-08-30 00:33:11;2021-05-03;B.1.1.529;Omicron;;VOC;;1687;0
4;2022-08-30 00:33:11;2021-05-03;BA.1;Omicron;VOC;;B.1.1.529;1687;0
4;2022-08-30 00:33:11;2021-05-03;BA.2;Omicron;VOC;;B.1.1.529;1687;0
4;2022-08-30 00:33:11;2021-05-03;BA.4;Omicron;VOC;VOC-LUM;B.1.1.529;1687;0
4;2022-08-30 00:33:11;2021-05-03;BA.5;Omicron;VOC;VOC-LUM;B.1.1.529;1687;0
4;2022-08-30 00:33:11;2021-05-03;BA.2.75;Omicron;VOI;VOC-LUM;BA.2;1687;0
4;2022-08-30 00:33:11;2021-05-03;BA.2+S:L452X;Omicron;VOI;;BA.2;1687;0
4;2022-08-30 00:33:11;2021-05-03;BA.2.12.1;Omicron;VOI;VOC-LUM;BA.2+S:L452X;1687;0
4;2022-08-30 00:33:11;2021-05-03;BA.3;Omicron;VUM;;B.1.1.529;1687;0
4;2022-08-30 00:33:11;2021-05-03;B.1.617.2;Delta;DEV;;;1687;1
4;2022-08-30 00:33:11;2021-05-03;B.1.351;Beta;DEV;;;1687;12
4;2022-08-30 00:33:11;2021-05-03;P.1;Gamma;DEV;;;1687;36
4;2022-08-30 00:33:11;2021-05-03;B.1.1.7;Alpha;DEV;;;1687;1633
4;2022-08-30 00:33:11;2021-05-03;B.1.621;Mu;DEV;;;1687;3
4;2022-08-30 00:33:11;2021-05-03;C.37;Lambda;DEV;;;1687;0
4;2022-08-30 00:33:11;2021-05-10;B.1.1.529;Omicron;;VOC;;1650;0
4;2022-08-30 00:33:11;2021-05-10;BA.1;Omicron;VOC;;B.1.1.529;1650;0
4;2022-08-30 00:33:11;2021-05-10;BA.2;Omicron;VOC;;B.1.1.529;1650;0
4;2022-08-30 00:33:11;2021-05-10;BA.4;Omicron;VOC;VOC-LUM;B.1.1.529;1650;0
4;2022-08-30 00:33:11;2021-05-10;BA.5;Omicron;VOC;VOC-LUM;B.1.1.529;1650;0
4;2022-08-30 00:33:11;2021-05-10;BA.2.75;Omicron;VOI;VOC-LUM;BA.2;1650;0
4;2022-08-30 00:33:11;2021-05-10;BA.2+S:L452X;Omicron;VOI;;BA.2;1650;0
4;2022-08-30 00:33:11;2021-05-10;BA.2.12.1;Omicron;VOI;VOC-LUM;BA.2+S:L452X;1650;0
4;2022-08-30 00:33:11;2021-05-10;BA.3;Omicron;VUM;;B.1.1.529;1650;0
4;2022-08-30 00:33:11;2021-05-10;B.1.617.2;Delta;DEV;;;1650;11
4;2022-08-30 00:33:11;2021-05-10;B.1.351;Beta;DEV;;;1650;8
4;2022-08-30 00:33:11;2021-05-10;P.1;Gamma;DEV;;;1650;31
4;2022-08-30 00:33:11;2021-05-10;B.1.1.7;Alpha;DEV;;;1650;1589
4;2022-08-30 00:33:11;2021-05-10;B.1.621;Mu;DEV;;;1650;3
4;2022-08-30 00:33:11;2021-05-10;C.37;Lambda;DEV;;;1650;0
4;2022-08-30 00:33:11;2021-05-17;B.1.1.529;Omicron;;VOC;;1370;0
4;2022-08-30 00:33:11;2021-05-17;BA.1;Omicron;VOC;;B.1.1.529;1370;0
4;2022-08-30 00:33:11;2021-05-17;BA.2;Omicron;VOC;;B.1.1.529;1370;0
4;2022-08-30 00:33:11;2021-05-17;BA.4;Omicron;VOC;VOC-LUM;B.1.1.529;1370;0
4;2022-08-30 00:33:11;2021-05-17;BA.5;Omicron;VOC;VOC-LUM;B.1.1.529;1370;0
4;2022-08-30 00:33:11;2021-05-17;BA.2.75;Omicron;VOI;VOC-LUM;BA.2;1370;0
4;2022-08-30 00:33:11;2021-05-17;BA.2+S:L452X;Omicron;VOI;;BA.2;1370;0
4;2022-08-30 00:33:11;2021-05-17;BA.2.12.1;Omicron;VOI;VOC-LUM;BA.2+S:L452X;1370;0
4;2022-08-30 00:33:11;2021-05-17;BA.3;Omicron;VUM;;B.1.1.529;1370;0
4;2022-08-30 00:33:11;2021-05-17;B.1.617.2;Delta;DEV;;;1370;10
4;2022-08-30 00:33:11;2021-05-17;B.1.351;Beta;DEV;;;1370;3
4;2022-08-30 00:33:11;2021-05-17;P.1;Gamma;DEV;;;1370;32
4;2022-08-30 00:33:11;2021-05-17;B.1.1.7;Alpha;DEV;;;1370;1316
4;2022-08-30 00:33:11;2021-05-17;B.1.621;Mu;DEV;;;1370;5
4;2022-08-30 00:33:11;2021-05-17;C.37;Lambda;DEV;;;1370;0
4;2022-08-30 00:33:11;2021-05-24;B.1.1.529;Omicron;;VOC;;1323;0
4;2022-08-30 00:33:11;2021-05-24;BA.1;Omicron;VOC;;B.1.1.529;1323;0
4;2022-08-30 00:33:11;2021-05-24;BA.2;Omicron;VOC;;B.1.1.529;1323;0
4;2022-08-30 00:33:11;2021-05-24;BA.4;Omicron;VOC;VOC-LUM;B.1.1.529;1323;0
4;2022-08-30 00:33:11;2021-05-24;BA.5;Omicron;VOC;VOC-LUM;B.1.1.529;1323;0
4;2022-08-30 00:33:11;2021-05-24;BA.2.75;Omicron;VOI;VOC-LUM;BA.2;1323;0
4;2022-08-30 00:33:11;2021-05-24;BA.2+S:L452X;Omicron;VOI;;BA.2;1323;0
4;2022-08-30 00:33:11;2021-05-24;BA.2.12.1;Omicron;VOI;VOC-LUM;BA.2+S:L452X;1323;0
4;2022-08-30 00:33:11;2021-05-24;BA.3;Omicron;VUM;;B.1.1.529;1323;0
4;2022-08-30 00:33:11;2021-05-24;B.1.617.2;Delta;DEV;;;1323;23
4;2022-08-30 00:33:11;2021-05-24;B.1.351;Beta;DEV;;;1323;3
4;2022-08-30 00:33:11;2021-05-24;P.1;Gamma;DEV;;;1323;16
4;2022-08-30 00:33:11;2021-05-24;B.1.1.7;Alpha;DEV;;;1323;1270
4;2022-08-30 00:33:11;2021-05-24;B.1.621;Mu;DEV;;;1323;0
4;2022-08-30 00:33:11;2021-05-24;C.37;Lambda;DEV;;;1323;1
4;2022-08-30 00:33:11;2021-05-31;B.1.1.529;Omicron;;VOC;;1272;0
4;2022-08-30 00:33:11;2021-05-31;BA.1;Omicron;VOC;;B.1.1.529;1272;0
4;2022-08-30 00:33:11;2021-05-31;BA.2;Omicron;VOC;;B.1.1.529;1272;0
4;2022-08-30 00:33:11;2021-05-31;BA.4;Omicron;VOC;VOC-LUM;B.1.1.529;1272;0
4;2022-08-30 00:33:11;2021-05-31;BA.5;Omicron;VOC;VOC-LUM;B.1.1.529;1272;0
4;2022-08-30 00:33:11;2021-05-31;BA.2.75;Omicron;VOI;VOC-LUM;BA.2;1272;0
4;2022-08-30 00:33:11;2021-05-31;BA.2+S:L452X;Omicron;VOI;;BA.2;1272;0
4;2022-08-30 00:33:11;2021-05-31;BA.2.12.1;Omicron;VOI;VOC-LUM;BA.2+S:L452X;1272;0
4;2022-08-30 00:33:11;2021-05-31;BA.3;Omicron;VUM;;B.1.1.529;1272;0
4;2022-08-30 00:33:11;2021-05-31;B.1.617.2;Delta;DEV;;;1272;48
4;2022-08-30 00:33:11;2021-05-31;B.1.351;Beta;DEV;;;1272;0
4;2022-08-30 00:33:11;2021-05-31;P.1;Gamma;DEV;;;1272;23
4;2022-08-30 00:33:11;2021-05-31;B.1.1.7;Alpha;DEV;;;1272;1182
4;2022-08-30 00:33:11;2021-05-31;B.1.621;Mu;DEV;;;1272;4
4;2022-08-30 00:33:11;2021-05-31;C.37;Lambda;DEV;;;1272;0
4;2022-08-30 00:33:11;2021-06-07;B.1.1.529;Omicron;;VOC;;1175;0
4;2022-08-30 00:33:11;2021-06-07;BA.1;Omicron;VOC;;B.1.1.529;1175;0
4;2022-08-30 00:33:11;2021-06-07;BA.2;Omicron;VOC;;B.1.1.529;1175;0
4;2022-08-30 00:33:11;2021-06-07;BA.4;Omicron;VOC;VOC-LUM;B.1.1.529;1175;0
4;2022-08-30 00:33:11;2021-06-07;BA.5;Omicron;VOC;VOC-LUM;B.1.1.529;1175;0
4;2022-08-30 00:33:11;2021-06-07;BA.2.75;Omicron;VOI;VOC-LUM;BA.2;1175;0
4;2022-08-30 00:33:11;2021-06-07;BA.2+S:L452X;Omicron;VOI;;BA.2;1175;0
4;2022-08-30 00:33:11;2021-06-07;BA.2.12.1;Omicron;VOI;VOC-LUM;BA.2+S:L452X;1175;0
4;2022-08-30 00:33:11;2021-06-07;BA.3;Omicron;VUM;;B.1.1.529;1175;0
4;2022-08-30 00:33:11;2021-06-07;B.1.617.2;Delta;DEV;;;1175;101
4;2022-08-30 00:33:11;2021-06-07;B.1.351;Beta;DEV;;;1175;1
4;2022-08-30 00:33:11;2021-06-07;P.1;Gamma;DEV;;;1175;12
4;2022-08-30 00:33:11;2021-06-07;B.1.1.7;Alpha;DEV;;;1175;1038
4;2022-08-30 00:33:11;2021-06-07;B.1.621;Mu;DEV;;;1175;5
4;2022-08-30 00:33:11;2021-06-07;C.37;Lambda;DEV;;;1175;0
4;2022-08-30 00:33:11;2021-06-14;B.1.1.529;Omicron;;VOC;;1039;0
4;2022-08-30 00:33:11;2021-06-14;BA.1;Omicron;VOC;;B.1.1.529;1039;0
4;2022-08-30 00:33:11;2021-06-14;BA.2;Omicron;VOC;;B.1.1.529;1039;0
4;2022-08-30 00:33:11;2021-06-14;BA.4;Omicron;VOC;VOC-LUM;B.1.1.529;1039;0
4;2022-08-30 00:33:11;2021-06-14;BA.5;Omicron;VOC;VOC-LUM;B.1.1.529;1039;0
4;2022-08-30 00:33:11;2021-06-14;BA.2.75;Omicron;VOI;VOC-LUM;BA.2;1039;0
4;2022-08-30 00:33:11;2021-06-14;BA.2+S:L452X;Omicron;VOI;;BA.2;1039;0
4;2022-08-30 00:33:11;2021-06-14;BA.2.12.1;Omicron;VOI;VOC-LUM;BA.2+S:L452X;1039;0
4;2022-08-30 00:33:11;2021-06-14;BA.3;Omicron;VUM;;B.1.1.529;1039;0
4;2022-08-30 00:33:11;2021-06-14;B.1.617.2;Delta;DEV;;;1039;239
4;2022-08-30 00:33:11;2021-06-14;B.1.351;Beta;DEV;;;1039;1
4;2022-08-30 00:33:11;2021-06-14;P.1;Gamma;DEV;;;1039;16
4;2022-08-30 00:33:11;2021-06-14;B.1.1.7;Alpha;DEV;;;1039;745
4;2022-08-30 00:33:11;2021-06-14;B.1.621;Mu;DEV;;;1039;9
4;2022-08-30 00:33:11;2021-06-14;C.37;Lambda;DEV;;;1039;0
4;2022-08-30 00:33:11;2021-06-21;B.1.1.529;Omicron;;VOC;;679;0
4;2022-08-30 00:33:11;2021-06-21;BA.1;Omicron;VOC;;B.1.1.529;679;0
4;2022-08-30 00:33:11;2021-06-21;BA.2;Omicron;VOC;;B.1.1.529;679;0
4;2022-08-30 00:33:11;2021-06-21;BA.4;Omicron;VOC;VOC-LUM;B.1.1.529;679;0
4;2022-08-30 00:33:11;2021-06-21;BA.5;Omicron;VOC;VOC-LUM;B.1.1.529;679;0
4;2022-08-30 00:33:11;2021-06-21;BA.2.75;Omicron;VOI;VOC-LUM;BA.2;679;0
4;2022-08-30 00:33:11;2021-06-21;BA.2+S:L452X;Omicron;VOI;;BA.2;679;0
4;2022-08-30 00:33:11;2021-06-21;BA.2.12.1;Omicron;VOI;VOC-LUM;BA.2+S:L452X;679;0
4;2022-08-30 00:33:11;2021-06-21;BA.3;Omicron;VUM;;B.1.1.529;679;0
4;2022-08-30 00:33:11;2021-06-21;B.1.617.2;Delta;DEV;;;679;276
4;2022-08-30 00:33:11;2021-06-21;B.1.351;Beta;DEV;;;679;1
4;2022-08-30 00:33:11;2021-06-21;P.1;Gamma;DEV;;;679;7
4;2022-08-30 00:33:11;2021-06-21;B.1.1.7;Alpha;DEV;;;679;386
4;2022-08-30 00:33:11;2021-06-21;B.1.621;Mu;DEV;;;679;4
4;2022-08-30 00:33:11;2021-06-21;C.37;Lambda;DEV;;;679;1
4;2022-08-30 00:33:11;2021-06-28;B.1.1.529;Omicron;;VOC;;929;0
4;2022-08-30 00:33:11;2021-06-28;BA.1;Omicron;VOC;;B.1.1.529;929;0
4;2022-08-30 00:33:11;2021-06-28;BA.2;Omicron;VOC;;B.1.1.529;929;0
4;2022-08-30 00:33:11;2021-06-28;BA.4;Omicron;VOC;VOC-LUM;B.1.1.529;929;0
4;2022-08-30 00:33:11;2021-06-28;BA.5;Omicron;VOC;VOC-LUM;B.1.1.529;929;0
4;2022-08-30 00:33:11;2021-06-28;BA.2.75;Omicron;VOI;VOC-LUM;BA.2;929;0
4;2022-08-30 00:33:11;2021-06-28;BA.2+S:L452X;Omicron;VOI;;BA.2;929;0
4;2022-08-30 00:33:11;2021-06-28;BA.2.12.1;Omicron;VOI;VOC-LUM;BA.2+S:L452X;929;0
4;2022-08-30 00:33:11;2021-06-28;BA.3;Omicron;VUM;;B.1.1.529;929;0
4;2022-08-30 00:33:11;2021-06-28;B.1.617.2;Delta;DEV;;;929;630
4;2022-08-30 00:33:11;2021-06-28;B.1.351;Beta;DEV;;;929;1
4;2022-08-30 00:33:11;2021-06-28;P.1;Gamma;DEV;;;929;3
4;2022-08-30 00:33:11;2021-06-28;B.1.1.7;Alpha;DEV;;;929;273
4;2022-08-30 00:33:11;2021-06-28;B.1.621;Mu;DEV;;;929;5
4;2022-08-30 00:33:11;2021-06-28;C.37;Lambda;DEV;;;929;1
4;2022-08-30 00:33:11;2021-07-05;B.1.1.529;Omicron;;VOC;;2449;0
4;2022-08-30 00:33:11;2021-07-05;BA.1;Omicron;VOC;;B.1.1.529;2449;0
4;2022-08-30 00:33:11;2021-07-05;BA.2;Omicron;VOC;;B.1.1.529;2449;0
4;2022-08-30 00:33:11;2021-07-05;BA.4;Omicron;VOC;VOC-LUM;B.1.1.529;2449;0
4;2022-08-30 00:33:11;2021-07-05;BA.5;Omicron;VOC;VOC-LUM;B.1.1.529;2449;0
4;2022-08-30 00:33:11;2021-07-05;BA.2.75;Omicron;VOI;VOC-LUM;BA.2;2449;0
4;2022-08-30 00:33:11;2021-07-05;BA.2+S:L452X;Omicron;VOI;;BA.2;2449;0
4;2022-08-30 00:33:11;2021-07-05;BA.2.12.1;Omicron;VOI;VOC-LUM;BA.2+S:L452X;2449;0
4;2022-08-30 00:33:11;2021-07-05;BA.3;Omicron;VUM;;B.1.1.529;2449;0
4;2022-08-30 00:33:11;2021-07-05;B.1.617.2;Delta;DEV;;;2449;2093
4;2022-08-30 00:33:11;2021-07-05;B.1.351;Beta;DEV;;;2449;0
4;2022-08-30 00:33:11;2021-07-05;P.1;Gamma;DEV;;;2449;3
4;2022-08-30 00:33:11;2021-07-05;B.1.1.7;Alpha;DEV;;;2449;338
4;2022-08-30 00:33:11;2021-07-05;B.1.621;Mu;DEV;;;2449;0
4;2022-08-30 00:33:11;2021-07-05;C.37;Lambda;DEV;;;2449;8
4;2022-08-30 00:33:11;2021-07-12;B.1.1.529;Omicron;;VOC;;2236;0
4;2022-08-30 00:33:11;2021-07-12;BA.1;Omicron;VOC;;B.1.1.529;2236;0
4;2022-08-30 00:33:11;2021-07-12;BA.2;Omicron;VOC;;B.1.1.529;2236;0
4;2022-08-30 00:33:11;2021-07-12;BA.4;Omicron;VOC;VOC-LUM;B.1.1.529;2236;0
4;2022-08-30 00:33:11;2021-07-12;BA.5;Omicron;VOC;VOC-LUM;B.1.1.529;2236;0
4;2022-08-30 00:33:11;2021-07-12;BA.2.75;Omicron;VOI;VOC-LUM;BA.2;2236;0
4;2022-08-30 00:33:11;2021-07-12;BA.2+S:L452X;Omicron;VOI;;BA.2;2236;0
4;2022-08-30 00:33:11;2021-07-12;BA.2.12.1;Omicron;VOI;VOC-LUM;BA.2+S:L452X;2236;0
4;2022-08-30 00:33:11;2021-07-12;BA.3;Omicron;VUM;;B.1.1.529;2236;0
4;2022-08-30 00:33:11;2021-07-12;B.1.617.2;Delta;DEV;;;2236;2036
4;2022-08-30 00:33:11;2021-07-12;B.1.351;Beta;DEV;;;2236;0
4;2022-08-30 00:33:11;2021-07-12;P.1;Gamma;DEV;;;2236;2
4;2022-08-30 00:33:11;2021-07-12;B.1.1.7;Alpha;DEV;;;2236;172
4;2022-08-30 00:33:11;2021-07-12;B.1.621;Mu;DEV;;;2236;0
4;2022-08-30 00:33:11;2021-07-12;C.37;Lambda;DEV;;;2236;0
4;2022-08-30 00:33:11;2021-07-19;B.1.1.529;Omicron;;VOC;;2122;0
4;2022-08-30 00:33:11;2021-07-19;BA.1;Omicron;VOC;;B.1.1.529;2122;0
4;2022-08-30 00:33:11;2021-07-19;BA.2;Omicron;VOC;;B.1.1.529;2122;0
4;2022-08-30 00:33:11;2021-07-19;BA.4;Omicron;VOC;VOC-LUM;B.1.1.529;2122;0
4;2022-08-30 00:33:11;2021-07-19;BA.5;Omicron;VOC;VOC-LUM;B.1.1.529;2122;0
4;2022-08-30 00:33:11;2021-07-19;BA.2.75;Omicron;VOI;VOC-LUM;BA.2;2122;0
4;2022-08-30 00:33:11;2021-07-19;BA.2+S:L452X;Omicron;VOI;;BA.2;2122;0
4;2022-08-30 00:33:11;2021-07-19;BA.2.12.1;Omicron;VOI;VOC-LUM;BA.2+S:L452X;2122;0
4;2022-08-30 00:33:11;2021-07-19;BA.3;Omicron;VUM;;B.1.1.529;2122;0
4;2022-08-30 00:33:11;2021-07-19;B.1.617.2;Delta;DEV;;;2122;2032
4;2022-08-30 00:33:11;2021-07-19;B.1.351;Beta;DEV;;;2122;0
4;2022-08-30 00:33:11;2021-07-19;P.1;Gamma;DEV;;;2122;4
4;2022-08-30 00:33:11;2021-07-19;B.1.1.7;Alpha;DEV;;;2122;85
4;2022-08-30 00:33:11;2021-07-19;B.1.621;Mu;DEV;;;2122;0
4;2022-08-30 00:33:11;2021-07-19;C.37;Lambda;DEV;;;2122;0
4;2022-08-30 00:33:11;2021-07-26;B.1.1.529;Omicron;;VOC;;1745;0
4;2022-08-30 00:33:11;2021-07-26;BA.1;Omicron;VOC;;B.1.1.529;1745;0
4;2022-08-30 00:33:11;2021-07-26;BA.2;Omicron;VOC;;B.1.1.529;1745;0
4;2022-08-30 00:33:11;2021-07-26;BA.4;Omicron;VOC;VOC-LUM;B.1.1.529;1745;0
4;2022-08-30 00:33:11;2021-07-26;BA.5;Omicron;VOC;VOC-LUM;B.1.1.529;1745;0
4;2022-08-30 00:33:11;2021-07-26;BA.2.75;Omicron;VOI;VOC-LUM;BA.2;1745;0
4;2022-08-30 00:33:11;2021-07-26;BA.2+S:L452X;Omicron;VOI;;BA.2;1745;0
4;2022-08-30 00:33:11;2021-07-26;BA.2.12.1;Omicron;VOI;VOC-LUM;BA.2+S:L452X;1745;0
4;2022-08-30 00:33:11;2021-07-26;BA.3;Omicron;VUM;;B.1.1.529;1745;0
4;2022-08-30 00:33:11;2021-07-26;B.1.617.2;Delta;DEV;;;1745;1688
4;2022-08-30 00:33:11;2021-07-26;B.1.351;Beta;DEV;;;1745;0
4;2022-08-30 00:33:11;2021-07-26;P.1;Gamma;DEV;;;1745;2
4;2022-08-30 00:33:11;2021-07-26;B.1.1.7;Alpha;DEV;;;1745;52
4;2022-08-30 00:33:11;2021-07-26;B.1.621;Mu;DEV;;;1745;3
4;2022-08-30 00:33:11;2021-07-26;C.37;Lambda;DEV;;;1745;0
4;2022-08-30 00:33:11;2021-08-02;B.1.1.529;Omicron;;VOC;;1499;0
4;2022-08-30 00:33:11;2021-08-02;BA.1;Omicron;VOC;;B.1.1.529;1499;0
4;2022-08-30 00:33:11;2021-08-02;BA.2;Omicron;VOC;;B.1.1.529;1499;0
4;2022-08-30 00:33:11;2021-08-02;BA.4;Omicron;VOC;VOC-LUM;B.1.1.529;1499;0
4;2022-08-30 00:33:11;2021-08-02;BA.5;Omicron;VOC;VOC-LUM;B.1.1.529;1499;0
4;2022-08-30 00:33:11;2021-08-02;BA.2.75;Omicron;VOI;VOC-LUM;BA.2;1499;0
4;2022-08-30 00:33:11;2021-08-02;BA.2+S:L452X;Omicron;VOI;;BA.2;1499;0
4;2022-08-30 00:33:11;2021-08-02;BA.2.12.1;Omicron;VOI;VOC-LUM;BA.2+S:L452X;1499;0
4;2022-08-30 00:33:11;2021-08-02;BA.3;Omicron;VUM;;B.1.1.529;1499;0
4;2022-08-30 00:33:11;2021-08-02;B.1.617.2;Delta;DEV;;;1499;1478
4;2022-08-30 00:33:11;2021-08-02;B.1.351;Beta;DEV;;;1499;0
4;2022-08-30 00:33:11;2021-08-02;P.1;Gamma;DEV;;;1499;1
4;2022-08-30 00:33:11;2021-08-02;B.1.1.7;Alpha;DEV;;;1499;19
4;2022-08-30 00:33:11;2021-08-02;B.1.621;Mu;DEV;;;1499;0
4;2022-08-30 00:33:11;2021-08-02;C.37;Lambda;DEV;;;1499;0
4;2022-08-30 00:33:11;2021-08-09;B.1.1.529;Omicron;;VOC;;1508;0
4;2022-08-30 00:33:11;2021-08-09;BA.1;Omicron;VOC;;B.1.1.529;1508;0
4;2022-08-30 00:33:11;2021-08-09;BA.2;Omicron;VOC;;B.1.1.529;1508;0
4;2022-08-30 00:33:11;2021-08-09;BA.4;Omicron;VOC;VOC-LUM;B.1.1.529;1508;0
4;2022-08-30 00:33:11;2021-08-09;BA.5;Omicron;VOC;VOC-LUM;B.1.1.529;1508;0
4;2022-08-30 00:33:11;2021-08-09;BA.2.75;Omicron;VOI;VOC-LUM;BA.2;1508;0
4;2022-08-30 00:33:11;2021-08-09;BA.2+S:L452X;Omicron;VOI;;BA.2;1508;0
4;2022-08-30 00:33:11;2021-08-09;BA.2.12.1;Omicron;VOI;VOC-LUM;BA.2+S:L452X;1508;0
4;2022-08-30 00:33:11;2021-08-09;BA.3;Omicron;VUM;;B.1.1.529;1508;0
4;2022-08-30 00:33:11;2021-08-09;B.1.617.2;Delta;DEV;;;1508;1475
4;2022-08-30 00:33:11;2021-08-09;B.1.351;Beta;DEV;;;1508;0
4;2022-08-30 00:33:11;2021-08-09;P.1;Gamma;DEV;;;1508;0
4;2022-08-30 00:33:11;2021-08-09;B.1.1.7;Alpha;DEV;;;1508;32
4;2022-08-30 00:33:11;2021-08-09;B.1.621;Mu;DEV;;;1508;1
4;2022-08-30 00:33:11;2021-08-09;C.37;Lambda;DEV;;;1508;0
4;2022-08-30 00:33:11;2021-08-16;B.1.1.529;Omicron;;VOC;;1757;0
4;2022-08-30 00:33:11;2021-08-16;BA.1;Omicron;VOC;;B.1.1.529;1757;0
4;2022-08-30 00:33:11;2021-08-16;BA.2;Omicron;VOC;;B.1.1.529;1757;0
4;2022-08-30 00:33:11;2021-08-16;BA.4;Omicron;VOC;VOC-LUM;B.1.1.529;1757;0
4;2022-08-30 00:33:11;2021-08-16;BA.5;Omicron;VOC;VOC-LUM;B.1.1.529;1757;0
4;2022-08-30 00:33:11;2021-08-16;BA.2.75;Omicron;VOI;VOC-LUM;BA.2;1757;0
4;2022-08-30 00:33:11;2021-08-16;BA.2+S:L452X;Omicron;VOI;;BA.2;1757;0
4;2022-08-30 00:33:11;2021-08-16;BA.2.12.1;Omicron;VOI;VOC-LUM;BA.2+S:L452X;1757;0
4;2022-08-30 00:33:11;2021-08-16;BA.3;Omicron;VUM;;B.1.1.529;1757;0
4;2022-08-30 00:33:11;2021-08-16;B.1.617.2;Delta;DEV;;;1757;1748
4;2022-08-30 00:33:11;2021-08-16;B.1.351;Beta;DEV;;;1757;0
4;2022-08-30 00:33:11;2021-08-16;P.1;Gamma;DEV;;;1757;3
4;2022-08-30 00:33:11;2021-08-16;B.1.1.7;Alpha;DEV;;;1757;6
4;2022-08-30 00:33:11;2021-08-16;B.1.621;Mu;DEV;;;1757;0
4;2022-08-30 00:33:11;2021-08-16;C.37;Lambda;DEV;;;1757;0
4;2022-08-30 00:33:11;2021-08-23;B.1.1.529;Omicron;;VOC;;1672;0
4;2022-08-30 00:33:11;2021-08-23;BA.1;Omicron;VOC;;B.1.1.529;1672;0
4;2022-08-30 00:33:11;2021-08-23;BA.2;Omicron;VOC;;B.1.1.529;1672;0
4;2022-08-30 00:33:11;2021-08-23;BA.4;Omicron;VOC;VOC-LUM;B.1.1.529;1672;0
4;2022-08-30 00:33:11;2021-08-23;BA.5;Omicron;VOC;VOC-LUM;B.1.1.529;1672;0
4;2022-08-30 00:33:11;2021-08-23;BA.2.75;Omicron;VOI;VOC-LUM;BA.2;1672;0
4;2022-08-30 00:33:11;2021-08-23;BA.2+S:L452X;Omicron;VOI;;BA.2;1672;0
4;2022-08-30 00:33:11;2021-08-23;BA.2.12.1;Omicron;VOI;VOC-LUM;BA.2+S:L452X;1672;0
4;2022-08-30 00:33:11;2021-08-23;BA.3;Omicron;VUM;;B.1.1.529;1672;0
4;2022-08-30 00:33:11;2021-08-23;B.1.617.2;Delta;DEV;;;1672;1667
4;2022-08-30 00:33:11;2021-08-23;B.1.351;Beta;DEV;;;1672;0
4;2022-08-30 00:33:11;2021-08-23;P.1;Gamma;DEV;;;1672;1
4;2022-08-30 00:33:11;2021-08-23;B.1.1.7;Alpha;DEV;;;1672;3
4;2022-08-30 00:33:11;2021-08-23;B.1.621;Mu;DEV;;;1672;0
4;2022-08-30 00:33:11;2021-08-23;C.37;Lambda;DEV;;;1672;0
4;2022-08-30 00:33:11;2021-08-30;B.1.1.529;Omicron;;VOC;;1488;0
4;2022-08-30 00:33:11;2021-08-30;BA.1;Omicron;VOC;;B.1.1.529;1488;0
4;2022-08-30 00:33:11;2021-08-30;BA.2;Omicron;VOC;;B.1.1.529;1488;0
4;2022-08-30 00:33:11;2021-08-30;BA.4;Omicron;VOC;VOC-LUM;B.1.1.529;1488;0
4;2022-08-30 00:33:11;2021-08-30;BA.5;Omicron;VOC;VOC-LUM;B.1.1.529;1488;0
4;2022-08-30 00:33:11;2021-08-30;BA.2.75;Omicron;VOI;VOC-LUM;BA.2;1488;0
4;2022-08-30 00:33:11;2021-08-30;BA.2+S:L452X;Omicron;VOI;;BA.2;1488;0
4;2022-08-30 00:33:11;2021-08-30;BA.2.12.1;Omicron;VOI;VOC-LUM;BA.2+S:L452X;1488;0
4;2022-08-30 00:33:11;2021-08-30;BA.3;Omicron;VUM;;B.1.1.529;1488;0
4;2022-08-30 00:33:11;2021-08-30;B.1.617.2;Delta;DEV;;;1488;1485
4;2022-08-30 00:33:11;2021-08-30;B.1.351;Beta;DEV;;;1488;0
4;2022-08-30 00:33:11;2021-08-30;P.1;Gamma;DEV;;;1488;0
4;2022-08-30 00:33:11;2021-08-30;B.1.1.7;Alpha;DEV;;;1488;3
4;2022-08-30 00:33:11;2021-08-30;B.1.621;Mu;DEV;;;1488;0
4;2022-08-30 00:33:11;2021-08-30;C.37;Lambda;DEV;;;1488;0
4;2022-08-30 00:33:11;2021-09-06;B.1.1.529;Omicron;;VOC;;1490;0
4;2022-08-30 00:33:11;2021-09-06;BA.1;Omicron;VOC;;B.1.1.529;1490;0
4;2022-08-30 00:33:11;2021-09-06;BA.2;Omicron;VOC;;B.1.1.529;1490;0
4;2022-08-30 00:33:11;2021-09-06;BA.4;Omicron;VOC;VOC-LUM;B.1.1.529;1490;0
4;2022-08-30 00:33:11;2021-09-06;BA.5;Omicron;VOC;VOC-LUM;B.1.1.529;1490;0
4;2022-08-30 00:33:11;2021-09-06;BA.2.75;Omicron;VOI;VOC-LUM;BA.2;1490;0
4;2022-08-30 00:33:11;2021-09-06;BA.2+S:L452X;Omicron;VOI;;BA.2;1490;0
4;2022-08-30 00:33:11;2021-09-06;BA.2.12.1;Omicron;VOI;VOC-LUM;BA.2+S:L452X;1490;0
4;2022-08-30 00:33:11;2021-09-06;BA.3;Omicron;VUM;;B.1.1.529;1490;0
4;2022-08-30 00:33:11;2021-09-06;B.1.617.2;Delta;DEV;;;1490;1487
4;2022-08-30 00:33:11;2021-09-06;B.1.351;Beta;DEV;;;1490;0
4;2022-08-30 00:33:11;2021-09-06;P.1;Gamma;DEV;;;1490;1
4;2022-08-30 00:33:11;2021-09-06;B.1.1.7;Alpha;DEV;;;1490;2
4;2022-08-30 00:33:11;2021-09-06;B.1.621;Mu;DEV;;;1490;0
4;2022-08-30 00:33:11;2021-09-06;C.37;Lambda;DEV;;;1490;0
4;2022-08-30 00:33:11;2021-09-13;B.1.1.529;Omicron;;VOC;;1490;0
4;2022-08-30 00:33:11;2021-09-13;BA.1;Omicron;VOC;;B.1.1.529;1490;0
4;2022-08-30 00:33:11;2021-09-13;BA.2;Omicron;VOC;;B.1.1.529;1490;0
4;2022-08-30 00:33:11;2021-09-13;BA.4;Omicron;VOC;VOC-LUM;B.1.1.529;1490;0
4;2022-08-30 00:33:11;2021-09-13;BA.5;Omicron;VOC;VOC-LUM;B.1.1.529;1490;0
4;2022-08-30 00:33:11;2021-09-13;BA.2.75;Omicron;VOI;VOC-LUM;BA.2;1490;0
4;2022-08-30 00:33:11;2021-09-13;BA.2+S:L452X;Omicron;VOI;;BA.2;1490;0
4;2022-08-30 00:33:11;2021-09-13;BA.2.12.1;Omicron;VOI;VOC-LUM;BA.2+S:L452X;1490;0
4;2022-08-30 00:33:11;2021-09-13;BA.3;Omicron;VUM;;B.1.1.529;1490;0
4;2022-08-30 00:33:11;2021-09-13;B.1.617.2;Delta;DEV;;;1490;1489
4;2022-08-30 00:33:11;2021-09-13;B.1.351;Beta;DEV;;;1490;0
4;2022-08-30 00:33:11;2021-09-13;P.1;Gamma;DEV;;;1490;0
4;2022-08-30 00:33:11;2021-09-13;B.1.1.7;Alpha;DEV;;;1490;1
4;2022-08-30 00:33:11;2021-09-13;B.1.621;Mu;DEV;;;1490;0
4;2022-08-30 00:33:11;2021-09-13;C.37;Lambda;DEV;;;1490;0
4;2022-08-30 00:33:11;2021-09-20;B.1.1.529;Omicron;;VOC;;1360;0
4;2022-08-30 00:33:11;2021-09-20;BA.1;Omicron;VOC;;B.1.1.529;1360;0
4;2022-08-30 00:33:11;2021-09-20;BA.2;Omicron;VOC;;B.1.1.529;1360;0
4;2022-08-30 00:33:11;2021-09-20;BA.4;Omicron;VOC;VOC-LUM;B.1.1.529;1360;0
4;2022-08-30 00:33:11;2021-09-20;BA.5;Omicron;VOC;VOC-LUM;B.1.1.529;1360;0
4;2022-08-30 00:33:11;2021-09-20;BA.2.75;Omicron;VOI;VOC-LUM;BA.2;1360;0
4;2022-08-30 00:33:11;2021-09-20;BA.2+S:L452X;Omicron;VOI;;BA.2;1360;0
4;2022-08-30 00:33:11;2021-09-20;BA.2.12.1;Omicron;VOI;VOC-LUM;BA.2+S:L452X;1360;0
4;2022-08-30 00:33:11;2021-09-20;BA.3;Omicron;VUM;;B.1.1.529;1360;0
4;2022-08-30 00:33:11;2021-09-20;B.1.617.2;Delta;DEV;;;1360;1359
4;2022-08-30 00:33:11;2021-09-20;B.1.351;Beta;DEV;;;1360;0
4;2022-08-30 00:33:11;2021-09-20;P.1;Gamma;DEV;;;1360;0
4;2022-08-30 00:33:11;2021-09-20;B.1.1.7;Alpha;DEV;;;1360;0
4;2022-08-30 00:33:11;2021-09-20;B.1.621;Mu;DEV;;;1360;0
4;2022-08-30 00:33:11;2021-09-20;C.37;Lambda;DEV;;;1360;0
4;2022-08-30 00:33:11;2021-09-27;B.1.1.529;Omicron;;VOC;;1193;0
4;2022-08-30 00:33:11;2021-09-27;BA.1;Omicron;VOC;;B.1.1.529;1193;0
4;2022-08-30 00:33:11;2021-09-27;BA.2;Omicron;VOC;;B.1.1.529;1193;0
4;2022-08-30 00:33:11;2021-09-27;BA.4;Omicron;VOC;VOC-LUM;B.1.1.529;1193;0
4;2022-08-30 00:33:11;2021-09-27;BA.5;Omicron;VOC;VOC-LUM;B.1.1.529;1193;0
4;2022-08-30 00:33:11;2021-09-27;BA.2.75;Omicron;VOI;VOC-LUM;BA.2;1193;0
4;2022-08-30 00:33:11;2021-09-27;BA.2+S:L452X;Omicron;VOI;;BA.2;1193;0
4;2022-08-30 00:33:11;2021-09-27;BA.2.12.1;Omicron;VOI;VOC-LUM;BA.2+S:L452X;1193;0
4;2022-08-30 00:33:11;2021-09-27;BA.3;Omicron;VUM;;B.1.1.529;1193;0
4;2022-08-30 00:33:11;2021-09-27;B.1.617.2;Delta;DEV;;;1193;1192
4;2022-08-30 00:33:11;2021-09-27;B.1.351;Beta;DEV;;;1193;0
4;2022-08-30 00:33:11;2021-09-27;P.1;Gamma;DEV;;;1193;0
4;2022-08-30 00:33:11;2021-09-27;B.1.1.7;Alpha;DEV;;;1193;1
4;2022-08-30 00:33:11;2021-09-27;B.1.621;Mu;DEV;;;1193;0
4;2022-08-30 00:33:11;2021-09-27;C.37;Lambda;DEV;;;1193;0
4;2022-08-30 00:33:11;2021-10-04;B.1.1.529;Omicron;;VOC;;1479;0
4;2022-08-30 00:33:11;2021-10-04;BA.1;Omicron;VOC;;B.1.1.529;1479;0
4;2022-08-30 00:33:11;2021-10-04;BA.2;Omicron;VOC;;B.1.1.529;1479;0
4;2022-08-30 00:33:11;2021-10-04;BA.4;Omicron;VOC;VOC-LUM;B.1.1.529;1479;0
4;2022-08-30 00:33:11;2021-10-04;BA.5;Omicron;VOC;VOC-LUM;B.1.1.529;1479;0
4;2022-08-30 00:33:11;2021-10-04;BA.2.75;Omicron;VOI;VOC-LUM;BA.2;1479;0
4;2022-08-30 00:33:11;2021-10-04;BA.2+S:L452X;Omicron;VOI;;BA.2;1479;0
4;2022-08-30 00:33:11;2021-10-04;BA.2.12.1;Omicron;VOI;VOC-LUM;BA.2+S:L452X;1479;0
4;2022-08-30 00:33:11;2021-10-04;BA.3;Omicron;VUM;;B.1.1.529;1479;0
4;2022-08-30 00:33:11;2021-10-04;B.1.617.2;Delta;DEV;;;1479;1479
4;2022-08-30 00:33:11;2021-10-04;B.1.351;Beta;DEV;;;1479;0
4;2022-08-30 00:33:11;2021-10-04;P.1;Gamma;DEV;;;1479;0
4;2022-08-30 00:33:11;2021-10-04;B.1.1.7;Alpha;DEV;;;1479;0
4;2022-08-30 00:33:11;2021-10-04;B.1.621;Mu;DEV;;;1479;0
4;2022-08-30 00:33:11;2021-10-04;C.37;Lambda;DEV;;;1479;0
4;2022-08-30 00:33:11;2021-10-11;B.1.1.529;Omicron;;VOC;;1674;0
4;2022-08-30 00:33:11;2021-10-11;BA.1;Omicron;VOC;;B.1.1.529;1674;0
4;2022-08-30 00:33:11;2021-10-11;BA.2;Omicron;VOC;;B.1.1.529;1674;0
4;2022-08-30 00:33:11;2021-10-11;BA.4;Omicron;VOC;VOC-LUM;B.1.1.529;1674;0
4;2022-08-30 00:33:11;2021-10-11;BA.5;Omicron;VOC;VOC-LUM;B.1.1.529;1674;0
4;2022-08-30 00:33:11;2021-10-11;BA.2.75;Omicron;VOI;VOC-LUM;BA.2;1674;0
4;2022-08-30 00:33:11;2021-10-11;BA.2+S:L452X;Omicron;VOI;;BA.2;1674;0
4;2022-08-30 00:33:11;2021-10-11;BA.2.12.1;Omicron;VOI;VOC-LUM;BA.2+S:L452X;1674;0
4;2022-08-30 00:33:11;2021-10-11;BA.3;Omicron;VUM;;B.1.1.529;1674;0
4;2022-08-30 00:33:11;2021-10-11;B.1.617.2;Delta;DEV;;;1674;1674
4;2022-08-30 00:33:11;2021-10-11;B.1.351;Beta;DEV;;;1674;0
4;2022-08-30 00:33:11;2021-10-11;P.1;Gamma;DEV;;;1674;0
4;2022-08-30 00:33:11;2021-10-11;B.1.1.7;Alpha;DEV;;;1674;0
4;2022-08-30 00:33:11;2021-10-11;B.1.621;Mu;DEV;;;1674;0
4;2022-08-30 00:33:11;2021-10-11;C.37;Lambda;DEV;;;1674;0
4;2022-08-30 00:33:11;2021-10-18;B.1.1.529;Omicron;;VOC;;1514;0
4;2022-08-30 00:33:11;2021-10-18;BA.1;Omicron;VOC;;B.1.1.529;1514;0
4;2022-08-30 00:33:11;2021-10-18;BA.2;Omicron;VOC;;B.1.1.529;1514;0
4;2022-08-30 00:33:11;2021-10-18;BA.4;Omicron;VOC;VOC-LUM;B.1.1.529;1514;0
4;2022-08-30 00:33:11;2021-10-18;BA.5;Omicron;VOC;VOC-LUM;B.1.1.529;1514;0
4;2022-08-30 00:33:11;2021-10-18;BA.2.75;Omicron;VOI;VOC-LUM;BA.2;1514;0
4;2022-08-30 00:33:11;2021-10-18;BA.2+S:L452X;Omicron;VOI;;BA.2;1514;0
4;2022-08-30 00:33:11;2021-10-18;BA.2.12.1;Omicron;VOI;VOC-LUM;BA.2+S:L452X;1514;0
4;2022-08-30 00:33:11;2021-10-18;BA.3;Omicron;VUM;;B.1.1.529;1514;0
4;2022-08-30 00:33:11;2021-10-18;B.1.617.2;Delta;DEV;;;1514;1514
4;2022-08-30 00:33:11;2021-10-18;B.1.351;Beta;DEV;;;1514;0
4;2022-08-30 00:33:11;2021-10-18;P.1;Gamma;DEV;;;1514;0
4;2022-08-30 00:33:11;2021-10-18;B.1.1.7;Alpha;DEV;;;1514;0
4;2022-08-30 00:33:11;2021-10-18;B.1.621;Mu;DEV;;;1514;0
4;2022-08-30 00:33:11;2021-10-18;C.37;Lambda;DEV;;;1514;0
4;2022-08-30 00:33:11;2021-10-25;B.1.1.529;Omicron;;VOC;;1913;0
4;2022-08-30 00:33:11;2021-10-25;BA.1;Omicron;VOC;;B.1.1.529;1913;0
4;2022-08-30 00:33:11;2021-10-25;BA.2;Omicron;VOC;;B.1.1.529;1913;0
4;2022-08-30 00:33:11;2021-10-25;BA.4;Omicron;VOC;VOC-LUM;B.1.1.529;1913;0
4;2022-08-30 00:33:11;2021-10-25;BA.5;Omicron;VOC;VOC-LUM;B.1.1.529;1913;0
4;2022-08-30 00:33:11;2021-10-25;BA.2.75;Omicron;VOI;VOC-LUM;BA.2;1913;0
4;2022-08-30 00:33:11;2021-10-25;BA.2+S:L452X;Omicron;VOI;;BA.2;1913;0
4;2022-08-30 00:33:11;2021-10-25;BA.2.12.1;Omicron;VOI;VOC-LUM;BA.2+S:L452X;1913;0
4;2022-08-30 00:33:11;2021-10-25;BA.3;Omicron;VUM;;B.1.1.529;1913;0
4;2022-08-30 00:33:11;2021-10-25;B.1.617.2;Delta;DEV;;;1913;1912
4;2022-08-30 00:33:11;2021-10-25;B.1.351;Beta;DEV;;;1913;0
4;2022-08-30 00:33:11;2021-10-25;P.1;Gamma;DEV;;;1913;0
4;2022-08-30 00:33:11;2021-10-25;B.1.1.7;Alpha;DEV;;;1913;0
4;2022-08-30 00:33:11;2021-10-25;B.1.621;Mu;DEV;;;1913;0
4;2022-08-30 00:33:11;2021-10-25;C.37;Lambda;DEV;;;1913;0
4;2022-08-30 00:33:11;2021-11-01;B.1.1.529;Omicron;;VOC;;1994;0
4;2022-08-30 00:33:11;2021-11-01;BA.1;Omicron;VOC;;B.1.1.529;1994;0
4;2022-08-30 00:33:11;2021-11-01;BA.2;Omicron;VOC;;B.1.1.529;1994;0
4;2022-08-30 00:33:11;2021-11-01;BA.4;Omicron;VOC;VOC-LUM;B.1.1.529;1994;0
4;2022-08-30 00:33:11;2021-11-01;BA.5;Omicron;VOC;VOC-LUM;B.1.1.529;1994;0
4;2022-08-30 00:33:11;2021-11-01;BA.2.75;Omicron;VOI;VOC-LUM;BA.2;1994;0
4;2022-08-30 00:33:11;2021-11-01;BA.2+S:L452X;Omicron;VOI;;BA.2;1994;0
4;2022-08-30 00:33:11;2021-11-01;BA.2.12.1;Omicron;VOI;VOC-LUM;BA.2+S:L452X;1994;0
4;2022-08-30 00:33:11;2021-11-01;BA.3;Omicron;VUM;;B.1.1.529;1994;0
4;2022-08-30 00:33:11;2021-11-01;B.1.617.2;Delta;DEV;;;1994;1994
4;2022-08-30 00:33:11;2021-11-01;B.1.351;Beta;DEV;;;1994;0
4;2022-08-30 00:33:11;2021-11-01;P.1;Gamma;DEV;;;1994;0
4;2022-08-30 00:33:11;2021-11-01;B.1.1.7;Alpha;DEV;;;1994;0
4;2022-08-30 00:33:11;2021-11-01;B.1.621;Mu;DEV;;;1994;0
4;2022-08-30 00:33:11;2021-11-01;C.37;Lambda;DEV;;;1994;0
4;2022-08-30 00:33:11;2021-11-08;B.1.1.529;Omicron;;VOC;;1804;0
4;2022-08-30 00:33:11;2021-11-08;BA.1;Omicron;VOC;;B.1.1.529;1804;0
4;2022-08-30 00:33:11;2021-11-08;BA.2;Omicron;VOC;;B.1.1.529;1804;0
4;2022-08-30 00:33:11;2021-11-08;BA.4;Omicron;VOC;VOC-LUM;B.1.1.529;1804;0
4;2022-08-30 00:33:11;2021-11-08;BA.5;Omicron;VOC;VOC-LUM;B.1.1.529;1804;0
4;2022-08-30 00:33:11;2021-11-08;BA.2.75;Omicron;VOI;VOC-LUM;BA.2;1804;0
4;2022-08-30 00:33:11;2021-11-08;BA.2+S:L452X;Omicron;VOI;;BA.2;1804;0
4;2022-08-30 00:33:11;2021-11-08;BA.2.12.1;Omicron;VOI;VOC-LUM;BA.2+S:L452X;1804;0
4;2022-08-30 00:33:11;2021-11-08;BA.3;Omicron;VUM;;B.1.1.529;1804;0
4;2022-08-30 00:33:11;2021-11-08;B.1.617.2;Delta;DEV;;;1804;1804
4;2022-08-30 00:33:11;2021-11-08;B.1.351;Beta;DEV;;;1804;0
4;2022-08-30 00:33:11;2021-11-08;P.1;Gamma;DEV;;;1804;0
4;2022-08-30 00:33:11;2021-11-08;B.1.1.7;Alpha;DEV;;;1804;0
4;2022-08-30 00:33:11;2021-11-08;B.1.621;Mu;DEV;;;1804;0
4;2022-08-30 00:33:11;2021-11-08;C.37;Lambda;DEV;;;1804;0
4;2022-08-30 00:33:11;2021-11-15;B.1.1.529;Omicron;;VOC;;1895;0
4;2022-08-30 00:33:11;2021-11-15;BA.1;Omicron;VOC;;B.1.1.529;1895;0
4;2022-08-30 00:33:11;2021-11-15;BA.2;Omicron;VOC;;B.1.1.529;1895;0
4;2022-08-30 00:33:11;2021-11-15;BA.4;Omicron;VOC;VOC-LUM;B.1.1.529;1895;0
4;2022-08-30 00:33:11;2021-11-15;BA.5;Omicron;VOC;VOC-LUM;B.1.1.529;1895;0
4;2022-08-30 00:33:11;2021-11-15;BA.2.75;Omicron;VOI;VOC-LUM;BA.2;1895;0
4;2022-08-30 00:33:11;2021-11-15;BA.2+S:L452X;Omicron;VOI;;BA.2;1895;0
4;2022-08-30 00:33:11;2021-11-15;BA.2.12.1;Omicron;VOI;VOC-LUM;BA.2+S:L452X;1895;0
4;2022-08-30 00:33:11;2021-11-15;BA.3;Omicron;VUM;;B.1.1.529;1895;0
4;2022-08-30 00:33:11;2021-11-15;B.1.617.2;Delta;DEV;;;1895;1895
4;2022-08-30 00:33:11;2021-11-15;B.1.351;Beta;DEV;;;1895;0
4;2022-08-30 00:33:11;2021-11-15;P.1;Gamma;DEV;;;1895;0
4;2022-08-30 00:33:11;2021-11-15;B.1.1.7;Alpha;DEV;;;1895;0
4;2022-08-30 00:33:11;2021-11-15;B.1.621;Mu;DEV;;;1895;0
4;2022-08-30 00:33:11;2021-11-15;C.37;Lambda;DEV;;;1895;0
4;2022-08-30 00:33:11;2021-11-22;B.1.1.529;Omicron;;VOC;;1927;4
4;2022-08-30 00:33:11;2021-11-22;BA.1;Omicron;VOC;;B.1.1.529;1927;4
4;2022-08-30 00:33:11;2021-11-22;BA.2;Omicron;VOC;;B.1.1.529;1927;0
4;2022-08-30 00:33:11;2021-11-22;BA.4;Omicron;VOC;VOC-LUM;B.1.1.529;1927;0
4;2022-08-30 00:33:11;2021-11-22;BA.5;Omicron;VOC;VOC-LUM;B.1.1.529;1927;0
4;2022-08-30 00:33:11;2021-11-22;BA.2.75;Omicron;VOI;VOC-LUM;BA.2;1927;0
4;2022-08-30 00:33:11;2021-11-22;BA.2+S:L452X;Omicron;VOI;;BA.2;1927;0
4;2022-08-30 00:33:11;2021-11-22;BA.2.12.1;Omicron;VOI;VOC-LUM;BA.2+S:L452X;1927;0
4;2022-08-30 00:33:11;2021-11-22;BA.3;Omicron;VUM;;B.1.1.529;1927;0
4;2022-08-30 00:33:11;2021-11-22;B.1.617.2;Delta;DEV;;;1927;1923
4;2022-08-30 00:33:11;2021-11-22;B.1.351;Beta;DEV;;;1927;0
4;2022-08-30 00:33:11;2021-11-22;P.1;Gamma;DEV;;;1927;0
4;2022-08-30 00:33:11;2021-11-22;B.1.1.7;Alpha;DEV;;;1927;0
4;2022-08-30 00:33:11;2021-11-22;B.1.621;Mu;DEV;;;1927;0
4;2022-08-30 00:33:11;2021-11-22;C.37;Lambda;DEV;;;1927;0
4;2022-08-30 00:33:11;2021-11-29;B.1.1.529;Omicron;;VOC;;1899;11
4;2022-08-30 00:33:11;2021-11-29;BA.1;Omicron;VOC;;B.1.1.529;1899;11
4;2022-08-30 00:33:11;2021-11-29;BA.2;Omicron;VOC;;B.1.1.529;1899;0
4;2022-08-30 00:33:11;2021-11-29;BA.4;Omicron;VOC;VOC-LUM;B.1.1.529;1899;0
4;2022-08-30 00:33:11;2021-11-29;BA.5;Omicron;VOC;VOC-LUM;B.1.1.529;1899;0
4;2022-08-30 00:33:11;2021-11-29;BA.2.75;Omicron;VOI;VOC-LUM;BA.2;1899;0
4;2022-08-30 00:33:11;2021-11-29;BA.2+S:L452X;Omicron;VOI;;BA.2;1899;0
4;2022-08-30 00:33:11;2021-11-29;BA.2.12.1;Omicron;VOI;VOC-LUM;BA.2+S:L452X;1899;0
4;2022-08-30 00:33:11;2021-11-29;BA.3;Omicron;VUM;;B.1.1.529;1899;0
4;2022-08-30 00:33:11;2021-11-29;B.1.617.2;Delta;DEV;;;1899;1888
4;2022-08-30 00:33:11;2021-11-29;B.1.351;Beta;DEV;;;1899;0
4;2022-08-30 00:33:11;2021-11-29;P.1;Gamma;DEV;;;1899;0
4;2022-08-30 00:33:11;2021-11-29;B.1.1.7;Alpha;DEV;;;1899;0
4;2022-08-30 00:33:11;2021-11-29;B.1.621;Mu;DEV;;;1899;0
4;2022-08-30 00:33:11;2021-11-29;C.37;Lambda;DEV;;;1899;0
4;2022-08-30 00:33:11;2021-12-06;B.1.1.529;Omicron;;VOC;;1880;28
4;2022-08-30 00:33:11;2021-12-06;BA.1;Omicron;VOC;;B.1.1.529;1880;28
4;2022-08-30 00:33:11;2021-12-06;BA.2;Omicron;VOC;;B.1.1.529;1880;0
4;2022-08-30 00:33:11;2021-12-06;BA.4;Omicron;VOC;VOC-LUM;B.1.1.529;1880;0
4;2022-08-30 00:33:11;2021-12-06;BA.5;Omicron;VOC;VOC-LUM;B.1.1.529;1880;0
4;2022-08-30 00:33:11;2021-12-06;BA.2.75;Omicron;VOI;VOC-LUM;BA.2;1880;0
4;2022-08-30 00:33:11;2021-12-06;BA.2+S:L452X;Omicron;VOI;;BA.2;1880;0
4;2022-08-30 00:33:11;2021-12-06;BA.2.12.1;Omicron;VOI;VOC-LUM;BA.2+S:L452X;1880;0
4;2022-08-30 00:33:11;2021-12-06;BA.3;Omicron;VUM;;B.1.1.529;1880;0
4;2022-08-30 00:33:11;2021-12-06;B.1.617.2;Delta;DEV;;;1880;1851
4;2022-08-30 00:33:11;2021-12-06;B.1.351;Beta;DEV;;;1880;0
4;2022-08-30 00:33:11;2021-12-06;P.1;Gamma;DEV;;;1880;0
4;2022-08-30 00:33:11;2021-12-06;B.1.1.7;Alpha;DEV;;;1880;0
4;2022-08-30 00:33:11;2021-12-06;B.1.621;Mu;DEV;;;1880;0
4;2022-08-30 00:33:11;2021-12-06;C.37;Lambda;DEV;;;1880;0
4;2022-08-30 00:33:11;2021-12-13;B.1.1.529;Omicron;;VOC;;1864;168
4;2022-08-30 00:33:11;2021-12-13;BA.1;Omicron;VOC;;B.1.1.529;1864;168
4;2022-08-30 00:33:11;2021-12-13;BA.2;Omicron;VOC;;B.1.1.529;1864;0
4;2022-08-30 00:33:11;2021-12-13;BA.4;Omicron;VOC;VOC-LUM;B.1.1.529;1864;0
4;2022-08-30 00:33:11;2021-12-13;BA.5;Omicron;VOC;VOC-LUM;B.1.1.529;1864;0
4;2022-08-30 00:33:11;2021-12-13;BA.2.75;Omicron;VOI;VOC-LUM;BA.2;1864;0
4;2022-08-30 00:33:11;2021-12-13;BA.2+S:L452X;Omicron;VOI;;BA.2;1864;0
4;2022-08-30 00:33:11;2021-12-13;BA.2.12.1;Omicron;VOI;VOC-LUM;BA.2+S:L452X;1864;0
4;2022-08-30 00:33:11;2021-12-13;BA.3;Omicron;VUM;;B.1.1.529;1864;0
4;2022-08-30 00:33:11;2021-12-13;B.1.617.2;Delta;DEV;;;1864;1695
4;2022-08-30 00:33:11;2021-12-13;B.1.351;Beta;DEV;;;1864;0
4;2022-08-30 00:33:11;2021-12-13;P.1;Gamma;DEV;;;1864;0
4;2022-08-30 00:33:11;2021-12-13;B.1.1.7;Alpha;DEV;;;1864;0
4;2022-08-30 00:33:11;2021-12-13;B.1.621;Mu;DEV;;;1864;0
4;2022-08-30 00:33:11;2021-12-13;C.37;Lambda;DEV;;;1864;0
4;2022-08-30 00:33:11;2021-12-20;B.1.1.529;Omicron;;VOC;;1621;463
4;2022-08-30 00:33:11;2021-12-20;BA.1;Omicron;VOC;;B.1.1.529;1621;462
4;2022-08-30 00:33:11;2021-12-20;BA.2;Omicron;VOC;;B.1.1.529;1621;1
4;2022-08-30 00:33:11;2021-12-20;BA.4;Omicron;VOC;VOC-LUM;B.1.1.529;1621;0
4;2022-08-30 00:33:11;2021-12-20;BA.5;Omicron;VOC;VOC-LUM;B.1.1.529;1621;0
4;2022-08-30 00:33:11;2021-12-20;BA.2.75;Omicron;VOI;VOC-LUM;BA.2;1621;0
4;2022-08-30 00:33:11;2021-12-20;BA.2+S:L452X;Omicron;VOI;;BA.2;1621;0
4;2022-08-30 00:33:11;2021-12-20;BA.2.12.1;Omicron;VOI;VOC-LUM;BA.2+S:L452X;1621;0
4;2022-08-30 00:33:11;2021-12-20;BA.3;Omicron;VUM;;B.1.1.529;1621;0
4;2022-08-30 00:33:11;2021-12-20;B.1.617.2;Delta;DEV;;;1621;1157
4;2022-08-30 00:33:11;2021-12-20;B.1.351;Beta;DEV;;;1621;0
4;2022-08-30 00:33:11;2021-12-20;P.1;Gamma;DEV;;;1621;0
4;2022-08-30 00:33:11;2021-12-20;B.1.1.7;Alpha;DEV;;;1621;0
4;2022-08-30 00:33:11;2021-12-20;B.1.621;Mu;DEV;;;1621;0
4;2022-08-30 00:33:11;2021-12-20;C.37;Lambda;DEV;;;1621;0
4;2022-08-30 00:33:11;2021-12-27;B.1.1.529;Omicron;;VOC;;1846;1198
4;2022-08-30 00:33:11;2021-12-27;BA.1;Omicron;VOC;;B.1.1.529;1846;1194
4;2022-08-30 00:33:11;2021-12-27;BA.2;Omicron;VOC;;B.1.1.529;1846;4
4;2022-08-30 00:33:11;2021-12-27;BA.4;Omicron;VOC;VOC-LUM;B.1.1.529;1846;0
4;2022-08-30 00:33:11;2021-12-27;BA.5;Omicron;VOC;VOC-LUM;B.1.1.529;1846;0
4;2022-08-30 00:33:11;2021-12-27;BA.2.75;Omicron;VOI;VOC-LUM;BA.2;1846;0
4;2022-08-30 00:33:11;2021-12-27;BA.2+S:L452X;Omicron;VOI;;BA.2;1846;0
4;2022-08-30 00:33:11;2021-12-27;BA.2.12.1;Omicron;VOI;VOC-LUM;BA.2+S:L452X;1846;0
4;2022-08-30 00:33:11;2021-12-27;BA.3;Omicron;VUM;;B.1.1.529;1846;0
4;2022-08-30 00:33:11;2021-12-27;B.1.617.2;Delta;DEV;;;1846;648
4;2022-08-30 00:33:11;2021-12-27;B.1.351;Beta;DEV;;;1846;0
4;2022-08-30 00:33:11;2021-12-27;P.1;Gamma;DEV;;;1846;0
4;2022-08-30 00:33:11;2021-12-27;B.1.1.7;Alpha;DEV;;;1846;0
4;2022-08-30 00:33:11;2021-12-27;B.1.621;Mu;DEV;;;1846;0
4;2022-08-30 00:33:11;2021-12-27;C.37;Lambda;DEV;;;1846;0
4;2022-08-30 00:33:11;2022-01-03;B.1.1.529;Omicron;;VOC;;2080;1817
4;2022-08-30 00:33:11;2022-01-03;BA.1;Omicron;VOC;;B.1.1.529;2080;1805
4;2022-08-30 00:33:11;2022-01-03;BA.2;Omicron;VOC;;B.1.1.529;2080;12
4;2022-08-30 00:33:11;2022-01-03;BA.4;Omicron;VOC;VOC-LUM;B.1.1.529;2080;0
4;2022-08-30 00:33:11;2022-01-03;BA.5;Omicron;VOC;VOC-LUM;B.1.1.529;2080;0
4;2022-08-30 00:33:11;2022-01-03;BA.2.75;Omicron;VOI;VOC-LUM;BA.2;2080;0
4;2022-08-30 00:33:11;2022-01-03;BA.2+S:L452X;Omicron;VOI;;BA.2;2080;0
4;2022-08-30 00:33:11;2022-01-03;BA.2.12.1;Omicron;VOI;VOC-LUM;BA.2+S:L452X;2080;0
4;2022-08-30 00:33:11;2022-01-03;BA.3;Omicron;VUM;;B.1.1.529;2080;0
4;2022-08-30 00:33:11;2022-01-03;B.1.617.2;Delta;DEV;;;2080;263
4;2022-08-30 00:33:11;2022-01-03;B.1.351;Beta;DEV;;;2080;0
4;2022-08-30 00:33:11;2022-01-03;P.1;Gamma;DEV;;;2080;0
4;2022-08-30 00:33:11;2022-01-03;B.1.1.7;Alpha;DEV;;;2080;0
4;2022-08-30 00:33:11;2022-01-03;B.1.621;Mu;DEV;;;2080;0
4;2022-08-30 00:33:11;2022-01-03;C.37;Lambda;DEV;;;2080;0
4;2022-08-30 00:33:11;2022-01-10;B.1.1.529;Omicron;;VOC;;2001;1896
4;2022-08-30 00:33:11;2022-01-10;BA.1;Omicron;VOC;;B.1.1.529;2001;1836
4;2022-08-30 00:33:11;2022-01-10;BA.2;Omicron;VOC;;B.1.1.529;2001;60
4;2022-08-30 00:33:11;2022-01-10;BA.4;Omicron;VOC;VOC-LUM;B.1.1.529;2001;0
4;2022-08-30 00:33:11;2022-01-10;BA.5;Omicron;VOC;VOC-LUM;B.1.1.529;2001;0
4;2022-08-30 00:33:11;2022-01-10;BA.2.75;Omicron;VOI;VOC-LUM;BA.2;2001;0
4;2022-08-30 00:33:11;2022-01-10;BA.2+S:L452X;Omicron;VOI;;BA.2;2001;0
4;2022-08-30 00:33:11;2022-01-10;BA.2.12.1;Omicron;VOI;VOC-LUM;BA.2+S:L452X;2001;0
4;2022-08-30 00:33:11;2022-01-10;BA.3;Omicron;VUM;;B.1.1.529;2001;0
4;2022-08-30 00:33:11;2022-01-10;B.1.617.2;Delta;DEV;;;2001;105
4;2022-08-30 00:33:11;2022-01-10;B.1.351;Beta;DEV;;;2001;0
4;2022-08-30 00:33:11;2022-01-10;P.1;Gamma;DEV;;;2001;0
4;2022-08-30 00:33:11;2022-01-10;B.1.1.7;Alpha;DEV;;;2001;0
4;2022-08-30 00:33:11;2022-01-10;B.1.621;Mu;DEV;;;2001;0
4;2022-08-30 00:33:11;2022-01-10;C.37;Lambda;DEV;;;2001;0
4;2022-08-30 00:33:11;2022-01-17;B.1.1.529;Omicron;;VOC;;2142;2104
4;2022-08-30 00:33:11;2022-01-17;BA.1;Omicron;VOC;;B.1.1.529;2142;2014
4;2022-08-30 00:33:11;2022-01-17;BA.2;Omicron;VOC;;B.1.1.529;2142;90
4;2022-08-30 00:33:11;2022-01-17;BA.4;Omicron;VOC;VOC-LUM;B.1.1.529;2142;0
4;2022-08-30 00:33:11;2022-01-17;BA.5;Omicron;VOC;VOC-LUM;B.1.1.529;2142;0
4;2022-08-30 00:33:11;2022-01-17;BA.2.75;Omicron;VOI;VOC-LUM;BA.2;2142;0
4;2022-08-30 00:33:11;2022-01-17;BA.2+S:L452X;Omicron;VOI;;BA.2;2142;0
4;2022-08-30 00:33:11;2022-01-17;BA.2.12.1;Omicron;VOI;VOC-LUM;BA.2+S:L452X;2142;0
4;2022-08-30 00:33:11;2022-01-17;BA.3;Omicron;VUM;;B.1.1.529;2142;0
4;2022-08-30 00:33:11;2022-01-17;B.1.617.2;Delta;DEV;;;2142;38
4;2022-08-30 00:33:11;2022-01-17;B.1.351;Beta;DEV;;;2142;0
4;2022-08-30 00:33:11;2022-01-17;P.1;Gamma;DEV;;;2142;0
4;2022-08-30 00:33:11;2022-01-17;B.1.1.7;Alpha;DEV;;;2142;0
4;2022-08-30 00:33:11;2022-01-17;B.1.621;Mu;DEV;;;2142;0
4;2022-08-30 00:33:11;2022-01-17;C.37;Lambda;DEV;;;2142;0
4;2022-08-30 00:33:11;2022-01-24;B.1.1.529;Omicron;;VOC;;1671;1651
4;2022-08-30 00:33:11;2022-01-24;BA.1;Omicron;VOC;;B.1.1.529;1671;1517
4;2022-08-30 00:33:11;2022-01-24;BA.2;Omicron;VOC;;B.1.1.529;1671;134
4;2022-08-30 00:33:11;2022-01-24;BA.4;Omicron;VOC;VOC-LUM;B.1.1.529;1671;0
4;2022-08-30 00:33:11;2022-01-24;BA.5;Omicron;VOC;VOC-LUM;B.1.1.529;1671;0
4;2022-08-30 00:33:11;2022-01-24;BA.2.75;Omicron;VOI;VOC-LUM;BA.2;1671;0
4;2022-08-30 00:33:11;2022-01-24;BA.2+S:L452X;Omicron;VOI;;BA.2;1671;0
4;2022-08-30 00:33:11;2022-01-24;BA.2.12.1;Omicron;VOI;VOC-LUM;BA.2+S:L452X;1671;0
4;2022-08-30 00:33:11;2022-01-24;BA.3;Omicron;VUM;;B.1.1.529;1671;0
4;2022-08-30 00:33:11;2022-01-24;B.1.617.2;Delta;DEV;;;1671;20
4;2022-08-30 00:33:11;2022-01-24;B.1.351;Beta;DEV;;;1671;0
4;2022-08-30 00:33:11;2022-01-24;P.1;Gamma;DEV;;;1671;0
4;2022-08-30 00:33:11;2022-01-24;B.1.1.7;Alpha;DEV;;;1671;0
4;2022-08-30 00:33:11;2022-01-24;B.1.621;Mu;DEV;;;1671;0
4;2022-08-30 00:33:11;2022-01-24;C.37;Lambda;DEV;;;1671;0
4;2022-08-30 00:33:11;2022-01-31;B.1.1.529;Omicron;;VOC;;1911;1901
4;2022-08-30 00:33:11;2022-01-31;BA.1;Omicron;VOC;;B.1.1.529;1911;1572
4;2022-08-30 00:33:11;2022-01-31;BA.2;Omicron;VOC;;B.1.1.529;1911;327
4;2022-08-30 00:33:11;2022-01-31;BA.4;Omicron;VOC;VOC-LUM;B.1.1.529;1911;0
4;2022-08-30 00:33:11;2022-01-31;BA.5;Omicron;VOC;VOC-LUM;B.1.1.529;1911;1
4;2022-08-30 00:33:11;2022-01-31;BA.2.75;Omicron;VOI;VOC-LUM;BA.2;1911;0
4;2022-08-30 00:33:11;2022-01-31;BA.2+S:L452X;Omicron;VOI;;BA.2;1911;0
4;2022-08-30 00:33:11;2022-01-31;BA.2.12.1;Omicron;VOI;VOC-LUM;BA.2+S:L452X;1911;0
4;2022-08-30 00:33:11;2022-01-31;BA.3;Omicron;VUM;;B.1.1.529;1911;0
4;2022-08-30 00:33:11;2022-01-31;B.1.617.2;Delta;DEV;;;1911;9
4;2022-08-30 00:33:11;2022-01-31;B.1.351;Beta;DEV;;;1911;0
4;2022-08-30 00:33:11;2022-01-31;P.1;Gamma;DEV;;;1911;0
4;2022-08-30 00:33:11;2022-01-31;B.1.1.7;Alpha;DEV;;;1911;0
4;2022-08-30 00:33:11;2022-01-31;B.1.621;Mu;DEV;;;1911;0
4;2022-08-30 00:33:11;2022-01-31;C.37;Lambda;DEV;;;1911;0
4;2022-08-30 00:33:11;2022-02-07;B.1.1.529;Omicron;;VOC;;1763;1762
4;2022-08-30 00:33:11;2022-02-07;BA.1;Omicron;VOC;;B.1.1.529;1763;1334
4;2022-08-30 00:33:11;2022-02-07;BA.2;Omicron;VOC;;B.1.1.529;1763;427
4;2022-08-30 00:33:11;2022-02-07;BA.4;Omicron;VOC;VOC-LUM;B.1.1.529;1763;0
4;2022-08-30 00:33:11;2022-02-07;BA.5;Omicron;VOC;VOC-LUM;B.1.1.529;1763;0
4;2022-08-30 00:33:11;2022-02-07;BA.2.75;Omicron;VOI;VOC-LUM;BA.2;1763;0
4;2022-08-30 00:33:11;2022-02-07;BA.2+S:L452X;Omicron;VOI;;BA.2;1763;2
4;2022-08-30 00:33:11;2022-02-07;BA.2.12.1;Omicron;VOI;VOC-LUM;BA.2+S:L452X;1763;0
4;2022-08-30 00:33:11;2022-02-07;BA.3;Omicron;VUM;;B.1.1.529;1763;0
4;2022-08-30 00:33:11;2022-02-07;B.1.617.2;Delta;DEV;;;1763;1
4;2022-08-30 00:33:11;2022-02-07;B.1.351;Beta;DEV;;;1763;0
4;2022-08-30 00:33:11;2022-02-07;P.1;Gamma;DEV;;;1763;0
4;2022-08-30 00:33:11;2022-02-07;B.1.1.7;Alpha;DEV;;;1763;0
4;2022-08-30 00:33:11;2022-02-07;B.1.621;Mu;DEV;;;1763;0
4;2022-08-30 00:33:11;2022-02-07;C.37;Lambda;DEV;;;1763;0
4;2022-08-30 00:33:11;2022-02-14;B.1.1.529;Omicron;;VOC;;1791;1790
4;2022-08-30 00:33:11;2022-02-14;BA.1;Omicron;VOC;;B.1.1.529;1791;1127
4;2022-08-30 00:33:11;2022-02-14;BA.2;Omicron;VOC;;B.1.1.529;1791;660
4;2022-08-30 00:33:11;2022-02-14;BA.4;Omicron;VOC;VOC-LUM;B.1.1.529;1791;0
4;2022-08-30 00:33:11;2022-02-14;BA.5;Omicron;VOC;VOC-LUM;B.1.1.529;1791;0
4;2022-08-30 00:33:11;2022-02-14;BA.2.75;Omicron;VOI;VOC-LUM;BA.2;1791;0
4;2022-08-30 00:33:11;2022-02-14;BA.2+S:L452X;Omicron;VOI;;BA.2;1791;1
4;2022-08-30 00:33:11;2022-02-14;BA.2.12.1;Omicron;VOI;VOC-LUM;BA.2+S:L452X;1791;0
4;2022-08-30 00:33:11;2022-02-14;BA.3;Omicron;VUM;;B.1.1.529;1791;0
4;2022-08-30 00:33:11;2022-02-14;B.1.617.2;Delta;DEV;;;1791;1
4;2022-08-30 00:33:11;2022-02-14;B.1.351;Beta;DEV;;;1791;0
4;2022-08-30 00:33:11;2022-02-14;P.1;Gamma;DEV;;;1791;0
4;2022-08-30 00:33:11;2022-02-14;B.1.1.7;Alpha;DEV;;;1791;0
4;2022-08-30 00:33:11;2022-02-14;B.1.621;Mu;DEV;;;1791;0
4;2022-08-30 00:33:11;2022-02-14;C.37;Lambda;DEV;;;1791;0
4;2022-08-30 00:33:11;2022-02-21;B.1.1.529;Omicron;;VOC;;1686;1685
4;2022-08-30 00:33:11;2022-02-21;BA.1;Omicron;VOC;;B.1.1.529;1686;795
4;2022-08-30 00:33:11;2022-02-21;BA.2;Omicron;VOC;;B.1.1.529;1686;886
4;2022-08-30 00:33:11;2022-02-21;BA.4;Omicron;VOC;VOC-LUM;B.1.1.529;1686;0
4;2022-08-30 00:33:11;2022-02-21;BA.5;Omicron;VOC;VOC-LUM;B.1.1.529;1686;1
4;2022-08-30 00:33:11;2022-02-21;BA.2.75;Omicron;VOI;VOC-LUM;BA.2;1686;0
4;2022-08-30 00:33:11;2022-02-21;BA.2+S:L452X;Omicron;VOI;;BA.2;1686;1
4;2022-08-30 00:33:11;2022-02-21;BA.2.12.1;Omicron;VOI;VOC-LUM;BA.2+S:L452X;1686;0
4;2022-08-30 00:33:11;2022-02-21;BA.3;Omicron;VUM;;B.1.1.529;1686;2
4;2022-08-30 00:33:11;2022-02-21;B.1.617.2;Delta;DEV;;;1686;0
4;2022-08-30 00:33:11;2022-02-21;B.1.351;Beta;DEV;;;1686;0
4;2022-08-30 00:33:11;2022-02-21;P.1;Gamma;DEV;;;1686;0
4;2022-08-30 00:33:11;2022-02-21;B.1.1.7;Alpha;DEV;;;1686;0
4;2022-08-30 00:33:11;2022-02-21;B.1.621;Mu;DEV;;;1686;0
4;2022-08-30 00:33:11;2022-02-21;C.37;Lambda;DEV;;;1686;0
4;2022-08-30 00:33:11;2022-02-28;B.1.1.529;Omicron;;VOC;;1758;1757
4;2022-08-30 00:33:11;2022-02-28;BA.1;Omicron;VOC;;B.1.1.529;1758;511
4;2022-08-30 00:33:11;2022-02-28;BA.2;Omicron;VOC;;B.1.1.529;1758;1243
4;2022-08-30 00:33:11;2022-02-28;BA.4;Omicron;VOC;VOC-LUM;B.1.1.529;1758;0
4;2022-08-30 00:33:11;2022-02-28;BA.5;Omicron;VOC;VOC-LUM;B.1.1.529;1758;0
4;2022-08-30 00:33:11;2022-02-28;BA.2.75;Omicron;VOI;VOC-LUM;BA.2;1758;0
4;2022-08-30 00:33:11;2022-02-28;BA.2+S:L452X;Omicron;VOI;;BA.2;1758;2
4;2022-08-30 00:33:11;2022-02-28;BA.2.12.1;Omicron;VOI;VOC-LUM;BA.2+S:L452X;1758;0
4;2022-08-30 00:33:11;2022-02-28;BA.3;Omicron;VUM;;B.1.1.529;1758;0
4;2022-08-30 00:33:11;2022-02-28;B.1.617.2;Delta;DEV;;;1758;0
4;2022-08-30 00:33:11;2022-02-28;B.1.351;Beta;DEV;;;1758;0
4;2022-08-30 00:33:11;2022-02-28;P.1;Gamma;DEV;;;1758;0
4;2022-08-30 00:33:11;2022-02-28;B.1.1.7;Alpha;DEV;;;1758;0
4;2022-08-30 00:33:11;2022-02-28;B.1.621;Mu;DEV;;;1758;0
4;2022-08-30 00:33:11;2022-02-28;C.37;Lambda;DEV;;;1758;0
4;2022-08-30 00:33:11;2022-03-07;B.1.1.529;Omicron;;VOC;;1833;1830
4;2022-08-30 00:33:11;2022-03-07;BA.1;Omicron;VOC;;B.1.1.529;1833;370
4;2022-08-30 00:33:11;2022-03-07;BA.2;Omicron;VOC;;B.1.1.529;1833;1458
4;2022-08-30 00:33:11;2022-03-07;BA.4;Omicron;VOC;VOC-LUM;B.1.1.529;1833;0
4;2022-08-30 00:33:11;2022-03-07;BA.5;Omicron;VOC;VOC-LUM;B.1.1.529;1833;0
4;2022-08-30 00:33:11;2022-03-07;BA.2.75;Omicron;VOI;VOC-LUM;BA.2;1833;0
4;2022-08-30 00:33:11;2022-03-07;BA.2+S:L452X;Omicron;VOI;;BA.2;1833;7
4;2022-08-30 00:33:11;2022-03-07;BA.2.12.1;Omicron;VOI;VOC-LUM;BA.2+S:L452X;1833;0
4;2022-08-30 00:33:11;2022-03-07;BA.3;Omicron;VUM;;B.1.1.529;1833;0
4;2022-08-30 00:33:11;2022-03-07;B.1.617.2;Delta;DEV;;;1833;0
4;2022-08-30 00:33:11;2022-03-07;B.1.351;Beta;DEV;;;1833;0
4;2022-08-30 00:33:11;2022-03-07;P.1;Gamma;DEV;;;1833;0
4;2022-08-30 00:33:11;2022-03-07;B.1.1.7;Alpha;DEV;;;1833;0
4;2022-08-30 00:33:11;2022-03-07;B.1.621;Mu;DEV;;;1833;0
4;2022-08-30 00:33:11;2022-03-07;C.37;Lambda;DEV;;;1833;0
4;2022-08-30 00:33:11;2022-03-14;B.1.1.529;Omicron;;VOC;;1690;1688
4;2022-08-30 00:33:11;2022-03-14;BA.1;Omicron;VOC;;B.1.1.529;1690;191
4;2022-08-30 00:33:11;2022-03-14;BA.2;Omicron;VOC;;B.1.1.529;1690;1497
4;2022-08-30 00:33:11;2022-03-14;BA.4;Omicron;VOC;VOC-LUM;B.1.1.529;1690;0
4;2022-08-30 00:33:11;2022-03-14;BA.5;Omicron;VOC;VOC-LUM;B.1.1.529;1690;0
4;2022-08-30 00:33:11;2022-03-14;BA.2.75;Omicron;VOI;VOC-LUM;BA.2;1690;0
4;2022-08-30 00:33:11;2022-03-14;BA.2+S:L452X;Omicron;VOI;;BA.2;1690;11
4;2022-08-30 00:33:11;2022-03-14;BA.2.12.1;Omicron;VOI;VOC-LUM;BA.2+S:L452X;1690;0
4;2022-08-30 00:33:11;2022-03-14;BA.3;Omicron;VUM;;B.1.1.529;1690;0
4;2022-08-30 00:33:11;2022-03-14;B.1.617.2;Delta;DEV;;;1690;0
4;2022-08-30 00:33:11;2022-03-14;B.1.351;Beta;DEV;;;1690;0
4;2022-08-30 00:33:11;2022-03-14;P.1;Gamma;DEV;;;1690;0
4;2022-08-30 00:33:11;2022-03-14;B.1.1.7;Alpha;DEV;;;1690;0
4;2022-08-30 00:33:11;2022-03-14;B.1.621;Mu;DEV;;;1690;0
4;2022-08-30 00:33:11;2022-03-14;C.37;Lambda;DEV;;;1690;0
4;2022-08-30 00:33:11;2022-03-21;B.1.1.529;Omicron;;VOC;;1797;1794
4;2022-08-30 00:33:11;2022-03-21;BA.1;Omicron;VOC;;B.1.1.529;1797;135
4;2022-08-30 00:33:11;2022-03-21;BA.2;Omicron;VOC;;B.1.1.529;1797;1658
4;2022-08-30 00:33:11;2022-03-21;BA.4;Omicron;VOC;VOC-LUM;B.1.1.529;1797;0
4;2022-08-30 00:33:11;2022-03-21;BA.5;Omicron;VOC;VOC-LUM;B.1.1.529;1797;0
4;2022-08-30 00:33:11;2022-03-21;BA.2.75;Omicron;VOI;VOC-LUM;BA.2;1797;0
4;2022-08-30 00:33:11;2022-03-21;BA.2+S:L452X;Omicron;VOI;;BA.2;1797;15
4;2022-08-30 00:33:11;2022-03-21;BA.2.12.1;Omicron;VOI;VOC-LUM;BA.2+S:L452X;1797;0
4;2022-08-30 00:33:11;2022-03-21;BA.3;Omicron;VUM;;B.1.1.529;1797;0
4;2022-08-30 00:33:11;2022-03-21;B.1.617.2;Delta;DEV;;;1797;0
4;2022-08-30 00:33:11;2022-03-21;B.1.351;Beta;DEV;;;1797;0
4;2022-08-30 00:33:11;2022-03-21;P.1;Gamma;DEV;;;1797;0
4;2022-08-30 00:33:11;2022-03-21;B.1.1.7;Alpha;DEV;;;1797;0
4;2022-08-30 00:33:11;2022-03-21;B.1.621;Mu;DEV;;;1797;0
4;2022-08-30 00:33:11;2022-03-21;C.37;Lambda;DEV;;;1797;0
4;2022-08-30 00:33:11;2022-03-28;B.1.1.529;Omicron;;VOC;;1604;1603
4;2022-08-30 00:33:11;2022-03-28;BA.1;Omicron;VOC;;B.1.1.529;1604;81
4;2022-08-30 00:33:11;2022-03-28;BA.2;Omicron;VOC;;B.1.1.529;1604;1522
4;2022-08-30 00:33:11;2022-03-28;BA.4;Omicron;VOC;VOC-LUM;B.1.1.529;1604;0
4;2022-08-30 00:33:11;2022-03-28;BA.5;Omicron;VOC;VOC-LUM;B.1.1.529;1604;0
4;2022-08-30 00:33:11;2022-03-28;BA.2.75;Omicron;VOI;VOC-LUM;BA.2;1604;0
4;2022-08-30 00:33:11;2022-03-28;BA.2+S:L452X;Omicron;VOI;;BA.2;1604;16
4;2022-08-30 00:33:11;2022-03-28;BA.2.12.1;Omicron;VOI;VOC-LUM;BA.2+S:L452X;1604;0
4;2022-08-30 00:33:11;2022-03-28;BA.3;Omicron;VUM;;B.1.1.529;1604;0
4;2022-08-30 00:33:11;2022-03-28;B.1.617.2;Delta;DEV;;;1604;0
4;2022-08-30 00:33:11;2022-03-28;B.1.351;Beta;DEV;;;1604;0
4;2022-08-30 00:33:11;2022-03-28;P.1;Gamma;DEV;;;1604;0
4;2022-08-30 00:33:11;2022-03-28;B.1.1.7;Alpha;DEV;;;1604;0
4;2022-08-30 00:33:11;2022-03-28;B.1.621;Mu;DEV;;;1604;0
4;2022-08-30 00:33:11;2022-03-28;C.37;Lambda;DEV;;;1604;0
4;2022-08-30 00:33:11;2022-04-04;B.1.1.529;Omicron;;VOC;;1586;1584
4;2022-08-30 00:33:11;2022-04-04;BA.1;Omicron;VOC;;B.1.1.529;1586;40
4;2022-08-30 00:33:11;2022-04-04;BA.2;Omicron;VOC;;B.1.1.529;1586;1543
4;2022-08-30 00:33:11;2022-04-04;BA.4;Omicron;VOC;VOC-LUM;B.1.1.529;1586;1
4;2022-08-30 00:33:11;2022-04-04;BA.5;Omicron;VOC;VOC-LUM;B.1.1.529;1586;0
4;2022-08-30 00:33:11;2022-04-04;BA.2.75;Omicron;VOI;VOC-LUM;BA.2;1586;0
4;2022-08-30 00:33:11;2022-04-04;BA.2+S:L452X;Omicron;VOI;;BA.2;1586;22
4;2022-08-30 00:33:11;2022-04-04;BA.2.12.1;Omicron;VOI;VOC-LUM;BA.2+S:L452X;1586;2
4;2022-08-30 00:33:11;2022-04-04;BA.3;Omicron;VUM;;B.1.1.529;1586;0
4;2022-08-30 00:33:11;2022-04-04;B.1.617.2;Delta;DEV;;;1586;0
4;2022-08-30 00:33:11;2022-04-04;B.1.351;Beta;DEV;;;1586;0
4;2022-08-30 00:33:11;2022-04-04;P.1;Gamma;DEV;;;1586;0
4;2022-08-30 00:33:11;2022-04-04;B.1.1.7;Alpha;DEV;;;1586;0
4;2022-08-30 00:33:11;2022-04-04;B.1.621;Mu;DEV;;;1586;0
4;2022-08-30 00:33:11;2022-04-04;C.37;Lambda;DEV;;;1586;0
4;2022-08-30 00:33:11;2022-04-11;B.1.1.529;Omicron;;VOC;;1442;1439
4;2022-08-30 00:33:11;2022-04-11;BA.1;Omicron;VOC;;B.1.1.529;1442;24
4;2022-08-30 00:33:11;2022-04-11;BA.2;Omicron;VOC;;B.1.1.529;1442;1414
4;2022-08-30 00:33:11;2022-04-11;BA.4;Omicron;VOC;VOC-LUM;B.1.1.529;1442;1
4;2022-08-30 00:33:11;2022-04-11;BA.5;Omicron;VOC;VOC-LUM;B.1.1.529;1442;0
4;2022-08-30 00:33:11;2022-04-11;BA.2.75;Omicron;VOI;VOC-LUM;BA.2;1442;0
4;2022-08-30 00:33:11;2022-04-11;BA.2+S:L452X;Omicron;VOI;;BA.2;1442;10
4;2022-08-30 00:33:11;2022-04-11;BA.2.12.1;Omicron;VOI;VOC-LUM;BA.2+S:L452X;1442;0
4;2022-08-30 00:33:11;2022-04-11;BA.3;Omicron;VUM;;B.1.1.529;1442;0
4;2022-08-30 00:33:11;2022-04-11;B.1.617.2;Delta;DEV;;;1442;1
4;2022-08-30 00:33:11;2022-04-11;B.1.351;Beta;DEV;;;1442;0
4;2022-08-30 00:33:11;2022-04-11;P.1;Gamma;DEV;;;1442;0
4;2022-08-30 00:33:11;2022-04-11;B.1.1.7;Alpha;DEV;;;1442;0
4;2022-08-30 00:33:11;2022-04-11;B.1.621;Mu;DEV;;;1442;0
4;2022-08-30 00:33:11;2022-04-11;C.37;Lambda;DEV;;;1442;0
4;2022-08-30 00:33:11;2022-04-18;B.1.1.529;Omicron;;VOC;;1247;1240
4;2022-08-30 00:33:11;2022-04-18;BA.1;Omicron;VOC;;B.1.1.529;1247;19
4;2022-08-30 00:33:11;2022-04-18;BA.2;Omicron;VOC;;B.1.1.529;1247;1213
4;2022-08-30 00:33:11;2022-04-18;BA.4;Omicron;VOC;VOC-LUM;B.1.1.529;1247;3
4;2022-08-30 00:33:11;2022-04-18;BA.5;Omicron;VOC;VOC-LUM;B.1.1.529;1247;2
4;2022-08-30 00:33:11;2022-04-18;BA.2.75;Omicron;VOI;VOC-LUM;BA.2;1247;0
4;2022-08-30 00:33:11;2022-04-18;BA.2+S:L452X;Omicron;VOI;;BA.2;1247;18
4;2022-08-30 00:33:11;2022-04-18;BA.2.12.1;Omicron;VOI;VOC-LUM;BA.2+S:L452X;1247;1
4;2022-08-30 00:33:11;2022-04-18;BA.3;Omicron;VUM;;B.1.1.529;1247;1
4;2022-08-30 00:33:11;2022-04-18;B.1.617.2;Delta;DEV;;;1247;0
4;2022-08-30 00:33:11;2022-04-18;B.1.351;Beta;DEV;;;1247;0
4;2022-08-30 00:33:11;2022-04-18;P.1;Gamma;DEV;;;1247;0
4;2022-08-30 00:33:11;2022-04-18;B.1.1.7;Alpha;DEV;;;1247;0
4;2022-08-30 00:33:11;2022-04-18;B.1.621;Mu;DEV;;;1247;0
4;2022-08-30 00:33:11;2022-04-18;C.37;Lambda;DEV;;;1247;0
4;2022-08-30 00:33:11;2022-04-25;B.1.1.529;Omicron;;VOC;;1217;1216
4;2022-08-30 00:33:11;2022-04-25;BA.1;Omicron;VOC;;B.1.1.529;1217;8
4;2022-08-30 00:33:11;2022-04-25;BA.2;Omicron;VOC;;B.1.1.529;1217;1200
4;2022-08-30 00:33:11;2022-04-25;BA.4;Omicron;VOC;VOC-LUM;B.1.1.529;1217;6
4;2022-08-30 00:33:11;2022-04-25;BA.5;Omicron;VOC;VOC-LUM;B.1.1.529;1217;2
4;2022-08-30 00:33:11;2022-04-25;BA.2.75;Omicron;VOI;VOC-LUM;BA.2;1217;0
4;2022-08-30 00:33:11;2022-04-25;BA.2+S:L452X;Omicron;VOI;;BA.2;1217;27
4;2022-08-30 00:33:11;2022-04-25;BA.2.12.1;Omicron;VOI;VOC-LUM;BA.2+S:L452X;1217;10
4;2022-08-30 00:33:11;2022-04-25;BA.3;Omicron;VUM;;B.1.1.529;1217;0
4;2022-08-30 00:33:11;2022-04-25;B.1.617.2;Delta;DEV;;;1217;0
4;2022-08-30 00:33:11;2022-04-25;B.1.351;Beta;DEV;;;1217;0
4;2022-08-30 00:33:11;2022-04-25;P.1;Gamma;DEV;;;1217;0
4;2022-08-30 00:33:11;2022-04-25;B.1.1.7;Alpha;DEV;;;1217;0
4;2022-08-30 00:33:11;2022-04-25;B.1.621;Mu;DEV;;;1217;0
4;2022-08-30 00:33:11;2022-04-25;C.37;Lambda;DEV;;;1217;0
4;2022-08-30 00:33:11;2022-05-02;B.1.1.529;Omicron;;VOC;;1027;1026
4;2022-08-30 00:33:11;2022-05-02;BA.1;Omicron;VOC;;B.1.1.529;1027;5
4;2022-08-30 00:33:11;2022-05-02;BA.2;Omicron;VOC;;B.1.1.529;1027;994
4;2022-08-30 00:33:11;2022-05-02;BA.4;Omicron;VOC;VOC-LUM;B.1.1.529;1027;19
4;2022-08-30 00:33:11;2022-05-02;BA.5;Omicron;VOC;VOC-LUM;B.1.1.529;1027;8
4;2022-08-30 00:33:11;2022-05-02;BA.2.75;Omicron;VOI;VOC-LUM;BA.2;1027;0
4;2022-08-30 00:33:11;2022-05-02;BA.2+S:L452X;Omicron;VOI;;BA.2;1027;38
4;2022-08-30 00:33:11;2022-05-02;BA.2.12.1;Omicron;VOI;VOC-LUM;BA.2+S:L452X;1027;17
4;2022-08-30 00:33:11;2022-05-02;BA.3;Omicron;VUM;;B.1.1.529;1027;0
4;2022-08-30 00:33:11;2022-05-02;B.1.617.2;Delta;DEV;;;1027;0
4;2022-08-30 00:33:11;2022-05-02;B.1.351;Beta;DEV;;;1027;0
4;2022-08-30 00:33:11;2022-05-02;P.1;Gamma;DEV;;;1027;0
4;2022-08-30 00:33:11;2022-05-02;B.1.1.7;Alpha;DEV;;;1027;0
4;2022-08-30 00:33:11;2022-05-02;B.1.621;Mu;DEV;;;1027;0
4;2022-08-30 00:33:11;2022-05-02;C.37;Lambda;DEV;;;1027;0
4;2022-08-30 00:33:11;2022-05-09;B.1.1.529;Omicron;;VOC;;1009;1006
4;2022-08-30 00:33:11;2022-05-09;BA.1;Omicron;VOC;;B.1.1.529;1009;3
4;2022-08-30 00:33:11;2022-05-09;BA.2;Omicron;VOC;;B.1.1.529;1009;944
4;2022-08-30 00:33:11;2022-05-09;BA.4;Omicron;VOC;VOC-LUM;B.1.1.529;1009;29
4;2022-08-30 00:33:11;2022-05-09;BA.5;Omicron;VOC;VOC-LUM;B.1.1.529;1009;30
4;2022-08-30 00:33:11;2022-05-09;BA.2.75;Omicron;VOI;VOC-LUM;BA.2;1009;0
4;2022-08-30 00:33:11;2022-05-09;BA.2+S:L452X;Omicron;VOI;;BA.2;1009;67
4;2022-08-30 00:33:11;2022-05-09;BA.2.12.1;Omicron;VOI;VOC-LUM;BA.2+S:L452X;1009;38
4;2022-08-30 00:33:11;2022-05-09;BA.3;Omicron;VUM;;B.1.1.529;1009;0
4;2022-08-30 00:33:11;2022-05-09;B.1.617.2;Delta;DEV;;;1009;0
4;2022-08-30 00:33:11;2022-05-09;B.1.351;Beta;DEV;;;1009;0
4;2022-08-30 00:33:11;2022-05-09;P.1;Gamma;DEV;;;1009;0
4;2022-08-30 00:33:11;2022-05-09;B.1.1.7;Alpha;DEV;;;1009;0
4;2022-08-30 00:33:11;2022-05-09;B.1.621;Mu;DEV;;;1009;0
4;2022-08-30 00:33:11;2022-05-09;C.37;Lambda;DEV;;;1009;0
4;2022-08-30 00:33:11;2022-05-16;B.1.1.529;Omicron;;VOC;;1105;1104
4;2022-08-30 00:33:11;2022-05-16;BA.1;Omicron;VOC;;B.1.1.529;1105;1
4;2022-08-30 00:33:11;2022-05-16;BA.2;Omicron;VOC;;B.1.1.529;1105;967
4;2022-08-30 00:33:11;2022-05-16;BA.4;Omicron;VOC;VOC-LUM;B.1.1.529;1105;56
4;2022-08-30 00:33:11;2022-05-16;BA.5;Omicron;VOC;VOC-LUM;B.1.1.529;1105;80
4;2022-08-30 00:33:11;2022-05-16;BA.2.75;Omicron;VOI;VOC-LUM;BA.2;1105;0
4;2022-08-30 00:33:11;2022-05-16;BA.2+S:L452X;Omicron;VOI;;BA.2;1105;134
4;2022-08-30 00:33:11;2022-05-16;BA.2.12.1;Omicron;VOI;VOC-LUM;BA.2+S:L452X;1105;87
4;2022-08-30 00:33:11;2022-05-16;BA.3;Omicron;VUM;;B.1.1.529;1105;0
4;2022-08-30 00:33:11;2022-05-16;B.1.617.2;Delta;DEV;;;1105;0
4;2022-08-30 00:33:11;2022-05-16;B.1.351;Beta;DEV;;;1105;0
4;2022-08-30 00:33:11;2022-05-16;P.1;Gamma;DEV;;;1105;0
4;2022-08-30 00:33:11;2022-05-16;B.1.1.7;Alpha;DEV;;;1105;0
4;2022-08-30 00:33:11;2022-05-16;B.1.621;Mu;DEV;;;1105;0
4;2022-08-30 00:33:11;2022-05-16;C.37;Lambda;DEV;;;1105;0
4;2022-08-30 00:33:11;2022-05-23;B.1.1.529;Omicron;;VOC;;944;943
4;2022-08-30 00:33:11;2022-05-23;BA.1;Omicron;VOC;;B.1.1.529;944;2
4;2022-08-30 00:33:11;2022-05-23;BA.2;Omicron;VOC;;B.1.1.529;944;697
4;2022-08-30 00:33:11;2022-05-23;BA.4;Omicron;VOC;VOC-LUM;B.1.1.529;944;72
4;2022-08-30 00:33:11;2022-05-23;BA.5;Omicron;VOC;VOC-LUM;B.1.1.529;944;172
4;2022-08-30 00:33:11;2022-05-23;BA.2.75;Omicron;VOI;VOC-LUM;BA.2;944;0
4;2022-08-30 00:33:11;2022-05-23;BA.2+S:L452X;Omicron;VOI;;BA.2;944;148
4;2022-08-30 00:33:11;2022-05-23;BA.2.12.1;Omicron;VOI;VOC-LUM;BA.2+S:L452X;944;116
4;2022-08-30 00:33:11;2022-05-23;BA.3;Omicron;VUM;;B.1.1.529;944;0
4;2022-08-30 00:33:11;2022-05-23;B.1.617.2;Delta;DEV;;;944;1
4;2022-08-30 00:33:11;2022-05-23;B.1.351;Beta;DEV;;;944;0
4;2022-08-30 00:33:11;2022-05-23;P.1;Gamma;DEV;;;944;0
4;2022-08-30 00:33:11;2022-05-23;B.1.1.7;Alpha;DEV;;;944;0
4;2022-08-30 00:33:11;2022-05-23;B.1.621;Mu;DEV;;;944;0
4;2022-08-30 00:33:11;2022-05-23;C.37;Lambda;DEV;;;944;0
4;2022-08-30 00:33:11;2022-05-30;B.1.1.529;Omicron;;VOC;;958;955
4;2022-08-30 00:33:11;2022-05-30;BA.1;Omicron;VOC;;B.1.1.529;958;2
4;2022-08-30 00:33:11;2022-05-30;BA.2;Omicron;VOC;;B.1.1.529;958;517
4;2022-08-30 00:33:11;2022-05-30;BA.4;Omicron;VOC;VOC-LUM;B.1.1.529;958;112
4;2022-08-30 00:33:11;2022-05-30;BA.5;Omicron;VOC;VOC-LUM;B.1.1.529;958;324
4;2022-08-30 00:33:11;2022-05-30;BA.2.75;Omicron;VOI;VOC-LUM;BA.2;958;0
4;2022-08-30 00:33:11;2022-05-30;BA.2+S:L452X;Omicron;VOI;;BA.2;958;129
4;2022-08-30 00:33:11;2022-05-30;BA.2.12.1;Omicron;VOI;VOC-LUM;BA.2+S:L452X;958;106
4;2022-08-30 00:33:11;2022-05-30;BA.3;Omicron;VUM;;B.1.1.529;958;0
4;2022-08-30 00:33:11;2022-05-30;B.1.617.2;Delta;DEV;;;958;0
4;2022-08-30 00:33:11;2022-05-30;B.1.351;Beta;DEV;;;958;0
4;2022-08-30 00:33:11;2022-05-30;P.1;Gamma;DEV;;;958;0
4;2022-08-30 00:33:11;2022-05-30;B.1.1.7;Alpha;DEV;;;958;0
4;2022-08-30 00:33:11;2022-05-30;B.1.621;Mu;DEV;;;958;0
4;2022-08-30 00:33:11;2022-05-30;C.37;Lambda;DEV;;;958;0
4;2022-08-30 00:33:11;2022-06-06;B.1.1.529;Omicron;;VOC;;1136;1136
4;2022-08-30 00:33:11;2022-06-06;BA.1;Omicron;VOC;;B.1.1.529;1136;1
4;2022-08-30 00:33:11;2022-06-06;BA.2;Omicron;VOC;;B.1.1.529;1136;412
4;2022-08-30 00:33:11;2022-06-06;BA.4;Omicron;VOC;VOC-LUM;B.1.1.529;1136;147
4;2022-08-30 00:33:11;2022-06-06;BA.5;Omicron;VOC;VOC-LUM;B.1.1.529;1136;576
4;2022-08-30 00:33:11;2022-06-06;BA.2.75;Omicron;VOI;VOC-LUM;BA.2;1136;0
4;2022-08-30 00:33:11;2022-06-06;BA.2+S:L452X;Omicron;VOI;;BA.2;1136;130
4;2022-08-30 00:33:11;2022-06-06;BA.2.12.1;Omicron;VOI;VOC-LUM;BA.2+S:L452X;1136;95
4;2022-08-30 00:33:11;2022-06-06;BA.3;Omicron;VUM;;B.1.1.529;1136;0
4;2022-08-30 00:33:11;2022-06-06;B.1.617.2;Delta;DEV;;;1136;0
4;2022-08-30 00:33:11;2022-06-06;B.1.351;Beta;DEV;;;1136;0
4;2022-08-30 00:33:11;2022-06-06;P.1;Gamma;DEV;;;1136;0
4;2022-08-30 00:33:11;2022-06-06;B.1.1.7;Alpha;DEV;;;1136;0
4;2022-08-30 00:33:11;2022-06-06;B.1.621;Mu;DEV;;;1136;0
4;2022-08-30 00:33:11;2022-06-06;C.37;Lambda;DEV;;;1136;0
4;2022-08-30 00:33:11;2022-06-13;B.1.1.529;Omicron;;VOC;;1262;1262
4;2022-08-30 00:33:11;2022-06-13;BA.1;Omicron;VOC;;B.1.1.529;1262;2
4;2022-08-30 00:33:11;2022-06-13;BA.2;Omicron;VOC;;B.1.1.529;1262;313
4;2022-08-30 00:33:11;2022-06-13;BA.4;Omicron;VOC;VOC-LUM;B.1.1.529;1262;151
4;2022-08-30 00:33:11;2022-06-13;BA.5;Omicron;VOC;VOC-LUM;B.1.1.529;1262;796
4;2022-08-30 00:33:11;2022-06-13;BA.2.75;Omicron;VOI;VOC-LUM;BA.2;1262;0
4;2022-08-30 00:33:11;2022-06-13;BA.2+S:L452X;Omicron;VOI;;BA.2;1262;141
4;2022-08-30 00:33:11;2022-06-13;BA.2.12.1;Omicron;VOI;VOC-LUM;BA.2+S:L452X;1262;105
4;2022-08-30 00:33:11;2022-06-13;BA.3;Omicron;VUM;;B.1.1.529;1262;0
4;2022-08-30 00:33:11;2022-06-13;B.1.617.2;Delta;DEV;;;1262;0
4;2022-08-30 00:33:11;2022-06-13;B.1.351;Beta;DEV;;;1262;0
4;2022-08-30 00:33:11;2022-06-13;P.1;Gamma;DEV;;;1262;0
4;2022-08-30 00:33:11;2022-06-13;B.1.1.7;Alpha;DEV;;;1262;0
4;2022-08-30 00:33:11;2022-06-13;B.1.621;Mu;DEV;;;1262;0
4;2022-08-30 00:33:11;2022-06-13;C.37;Lambda;DEV;;;1262;0
4;2022-08-30 00:33:11;2022-06-20;B.1.1.529;Omicron;;VOC;;1290;1290
4;2022-08-30 00:33:11;2022-06-20;BA.1;Omicron;VOC;;B.1.1.529;1290;0
4;2022-08-30 00:33:11;2022-06-20;BA.2;Omicron;VOC;;B.1.1.529;1290;190
4;2022-08-30 00:33:11;2022-06-20;BA.4;Omicron;VOC;VOC-LUM;B.1.1.529;1290;135
4;2022-08-30 00:33:11;2022-06-20;BA.5;Omicron;VOC;VOC-LUM;B.1.1.529;1290;965
4;2022-08-30 00:33:11;2022-06-20;BA.2.75;Omicron;VOI;VOC-LUM;BA.2;1290;1
4;2022-08-30 00:33:11;2022-06-20;BA.2+S:L452X;Omicron;VOI;;BA.2;1290;91
4;2022-08-30 00:33:11;2022-06-20;BA.2.12.1;Omicron;VOI;VOC-LUM;BA.2+S:L452X;1290;70
4;2022-08-30 00:33:11;2022-06-20;BA.3;Omicron;VUM;;B.1.1.529;1290;0
4;2022-08-30 00:33:11;2022-06-20;B.1.617.2;Delta;DEV;;;1290;0
4;2022-08-30 00:33:11;2022-06-20;B.1.351;Beta;DEV;;;1290;0
4;2022-08-30 00:33:11;2022-06-20;P.1;Gamma;DEV;;;1290;0
4;2022-08-30 00:33:11;2022-06-20;B.1.1.7;Alpha;DEV;;;1290;0
4;2022-08-30 00:33:11;2022-06-20;B.1.621;Mu;DEV;;;1290;0
4;2022-08-30 00:33:11;2022-06-20;C.37;Lambda;DEV;;;1290;0
4;2022-08-30 00:33:11;2022-06-27;B.1.1.529;Omicron;;VOC;;1447;1447
4;2022-08-30 00:33:11;2022-06-27;BA.1;Omicron;VOC;;B.1.1.529;1447;1
4;2022-08-30 00:33:11;2022-06-27;BA.2;Omicron;VOC;;B.1.1.529;1447;147
4;2022-08-30 00:33:11;2022-06-27;BA.4;Omicron;VOC;VOC-LUM;B.1.1.529;1447;149
4;2022-08-30 00:33:11;2022-06-27;BA.5;Omicron;VOC;VOC-LUM;B.1.1.529;1447;1150
4;2022-08-30 00:33:11;2022-06-27;BA.2.75;Omicron;VOI;VOC-LUM;BA.2;1447;0
4;2022-08-30 00:33:11;2022-06-27;BA.2+S:L452X;Omicron;VOI;;BA.2;1447;79
4;2022-08-30 00:33:11;2022-06-27;BA.2.12.1;Omicron;VOI;VOC-LUM;BA.2+S:L452X;1447;60
4;2022-08-30 00:33:11;2022-06-27;BA.3;Omicron;VUM;;B.1.1.529;1447;0
4;2022-08-30 00:33:11;2022-06-27;B.1.617.2;Delta;DEV;;;1447;0
4;2022-08-30 00:33:11;2022-06-27;B.1.351;Beta;DEV;;;1447;0
4;2022-08-30 00:33:11;2022-06-27;P.1;Gamma;DEV;;;1447;0
4;2022-08-30 00:33:11;2022-06-27;B.1.1.7;Alpha;DEV;;;1447;0
4;2022-08-30 00:33:11;2022-06-27;B.1.621;Mu;DEV;;;1447;0
4;2022-08-30 00:33:11;2022-06-27;C.37;Lambda;DEV;;;1447;0
4;2022-08-30 00:33:11;2022-07-04;B.1.1.529;Omicron;;VOC;;1343;1343
4;2022-08-30 00:33:11;2022-07-04;BA.1;Omicron;VOC;;B.1.1.529;1343;3
4;2022-08-30 00:33:11;2022-07-04;BA.2;Omicron;VOC;;B.1.1.529;1343;69
4;2022-08-30 00:33:11;2022-07-04;BA.4;Omicron;VOC;VOC-LUM;B.1.1.529;1343;122
4;2022-08-30 00:33:11;2022-07-04;BA.5;Omicron;VOC;VOC-LUM;B.1.1.529;1343;1149
4;2022-08-30 00:33:11;2022-07-04;BA.2.75;Omicron;VOI;VOC-LUM;BA.2;1343;0
4;2022-08-30 00:33:11;2022-07-04;BA.2+S:L452X;Omicron;VOI;;BA.2;1343;39
4;2022-08-30 00:33:11;2022-07-04;BA.2.12.1;Omicron;VOI;VOC-LUM;BA.2+S:L452X;1343;27
4;2022-08-30 00:33:11;2022-07-04;BA.3;Omicron;VUM;;B.1.1.529;1343;0
4;2022-08-30 00:33:11;2022-07-04;B.1.617.2;Delta;DEV;;;1343;0
4;2022-08-30 00:33:11;2022-07-04;B.1.351;Beta;DEV;;;1343;0
4;2022-08-30 00:33:11;2022-07-04;P.1;Gamma;DEV;;;1343;0
4;2022-08-30 00:33:11;2022-07-04;B.1.1.7;Alpha;DEV;;;1343;0
4;2022-08-30 00:33:11;2022-07-04;B.1.621;Mu;DEV;;;1343;0
4;2022-08-30 00:33:11;2022-07-04;C.37;Lambda;DEV;;;1343;0
4;2022-08-30 00:33:11;2022-07-11;B.1.1.529;Omicron;;VOC;;1427;1426
4;2022-08-30 00:33:11;2022-07-11;BA.1;Omicron;VOC;;B.1.1.529;1427;0
4;2022-08-30 00:33:11;2022-07-11;BA.2;Omicron;VOC;;B.1.1.529;1427;33
4;2022-08-30 00:33:11;2022-07-11;BA.4;Omicron;VOC;VOC-LUM;B.1.1.529;1427;128
4;2022-08-30 00:33:11;2022-07-11;BA.5;Omicron;VOC;VOC-LUM;B.1.1.529;1427;1265
4;2022-08-30 00:33:11;2022-07-11;BA.2.75;Omicron;VOI;VOC-LUM;BA.2;1427;0
4;2022-08-30 00:33:11;2022-07-11;BA.2+S:L452X;Omicron;VOI;;BA.2;1427;17
4;2022-08-30 00:33:11;2022-07-11;BA.2.12.1;Omicron;VOI;VOC-LUM;BA.2+S:L452X;1427;13
4;2022-08-30 00:33:11;2022-07-11;BA.3;Omicron;VUM;;B.1.1.529;1427;0
4;2022-08-30 00:33:11;2022-07-11;B.1.617.2;Delta;DEV;;;1427;0
4;2022-08-30 00:33:11;2022-07-11;B.1.351;Beta;DEV;;;1427;0
4;2022-08-30 00:33:11;2022-07-11;P.1;Gamma;DEV;;;1427;0
4;2022-08-30 00:33:11;2022-07-11;B.1.1.7;Alpha;DEV;;;1427;0
4;2022-08-30 00:33:11;2022-07-11;B.1.621;Mu;DEV;;;1427;0
4;2022-08-30 00:33:11;2022-07-11;C.37;Lambda;DEV;;;1427;0
4;2022-08-30 00:33:11;2022-07-18;B.1.1.529;Omicron;;VOC;;1249;1248
4;2022-08-30 00:33:11;2022-07-18;BA.1;Omicron;VOC;;B.1.1.529;1249;0
4;2022-08-30 00:33:11;2022-07-18;BA.2;Omicron;VOC;;B.1.1.529;1249;15
4;2022-08-30 00:33:11;2022-07-18;BA.4;Omicron;VOC;VOC-LUM;B.1.1.529;1249;81
4;2022-08-30 00:33:11;2022-07-18;BA.5;Omicron;VOC;VOC-LUM;B.1.1.529;1249;1152
4;2022-08-30 00:33:11;2022-07-18;BA.2.75;Omicron;VOI;VOC-LUM;BA.2;1249;0
4;2022-08-30 00:33:11;2022-07-18;BA.2+S:L452X;Omicron;VOI;;BA.2;1249;6
4;2022-08-30 00:33:11;2022-07-18;BA.2.12.1;Omicron;VOI;VOC-LUM;BA.2+S:L452X;1249;4
4;2022-08-30 00:33:11;2022-07-18;BA.3;Omicron;VUM;;B.1.1.529;1249;0
4;2022-08-30 00:33:11;2022-07-18;B.1.617.2;Delta;DEV;;;1249;0
4;2022-08-30 00:33:11;2022-07-18;B.1.351;Beta;DEV;;;1249;0
4;2022-08-30 00:33:11;2022-07-18;P.1;Gamma;DEV;;;1249;0
4;2022-08-30 00:33:11;2022-07-18;B.1.1.7;Alpha;DEV;;;1249;0
4;2022-08-30 00:33:11;2022-07-18;B.1.621;Mu;DEV;;;1249;0
4;2022-08-30 00:33:11;2022-07-18;C.37;Lambda;DEV;;;1249;0
4;2022-08-30 00:33:11;2022-07-25;B.1.1.529;Omicron;;VOC;;1382;1382
4;2022-08-30 00:33:11;2022-07-25;BA.1;Omicron;VOC;;B.1.1.529;1382;0
4;2022-08-30 00:33:11;2022-07-25;BA.2;Omicron;VOC;;B.1.1.529;1382;12
4;2022-08-30 00:33:11;2022-07-25;BA.4;Omicron;VOC;VOC-LUM;B.1.1.529;1382;93
4;2022-08-30 00:33:11;2022-07-25;BA.5;Omicron;VOC;VOC-LUM;B.1.1.529;1382;1277
4;2022-08-30 00:33:11;2022-07-25;BA.2.75;Omicron;VOI;VOC-LUM;BA.2;1382;1
4;2022-08-30 00:33:11;2022-07-25;BA.2+S:L452X;Omicron;VOI;;BA.2;1382;6
4;2022-08-30 00:33:11;2022-07-25;BA.2.12.1;Omicron;VOI;VOC-LUM;BA.2+S:L452X;1382;6
4;2022-08-30 00:33:11;2022-07-25;BA.3;Omicron;VUM;;B.1.1.529;1382;0
4;2022-08-30 00:33:11;2022-07-25;B.1.617.2;Delta;DEV;;;1382;0
4;2022-08-30 00:33:11;2022-07-25;B.1.351;Beta;DEV;;;1382;0
4;2022-08-30 00:33:11;2022-07-25;P.1;Gamma;DEV;;;1382;0
4;2022-08-30 00:33:11;2022-07-25;B.1.1.7;Alpha;DEV;;;1382;0
4;2022-08-30 00:33:11;2022-07-25;B.1.621;Mu;DEV;;;1382;0
4;2022-08-30 00:33:11;2022-07-25;C.37;Lambda;DEV;;;1382;0
4;2022-08-30 00:33:11;2022-08-01;B.1.1.529;Omicron;;VOC;;1314;1313
4;2022-08-30 00:33:11;2022-08-01;BA.1;Omicron;VOC;;B.1.1.529;1314;1
4;2022-08-30 00:33:11;2022-08-01;BA.2;Omicron;VOC;;B.1.1.529;1314;6
4;2022-08-30 00:33:11;2022-08-01;BA.4;Omicron;VOC;VOC-LUM;B.1.1.529;1314;64
4;2022-08-30 00:33:11;2022-08-01;BA.5;Omicron;VOC;VOC-LUM;B.1.1.529;1314;1242
4;2022-08-30 00:33:11;2022-08-01;BA.2.75;Omicron;VOI;VOC-LUM;BA.2;1314;1
4;2022-08-30 00:33:11;2022-08-01;BA.2+S:L452X;Omicron;VOI;;BA.2;1314;2
4;2022-08-30 00:33:11;2022-08-01;BA.2.12.1;Omicron;VOI;VOC-LUM;BA.2+S:L452X;1314;1
4;2022-08-30 00:33:11;2022-08-01;BA.3;Omicron;VUM;;B.1.1.529;1314;0
4;2022-08-30 00:33:11;2022-08-01;B.1.617.2;Delta;DEV;;;1314;0
4;2022-08-30 00:33:11;2022-08-01;B.1.351;Beta;DEV;;;1314;0
4;2022-08-30 00:33:11;2022-08-01;P.1;Gamma;DEV;;;1314;0
4;2022-08-30 00:33:11;2022-08-01;B.1.1.7;Alpha;DEV;;;1314;0
4;2022-08-30 00:33:11;2022-08-01;B.1.621;Mu;DEV;;;1314;0
4;2022-08-30 00:33:11;2022-08-01;C.37;Lambda;DEV;;;1314;0
4;2022-08-30 00:33:11;2022-08-08;B.1.1.529;Omicron;;VOC;;975;972
4;2022-08-30 00:33:11;2022-08-08;BA.1;Omicron;VOC;;B.1.1.529;975;1
4;2022-08-30 00:33:11;2022-08-08;BA.2;Omicron;VOC;;B.1.1.529;975;13
4;2022-08-30 00:33:11;2022-08-08;BA.4;Omicron;VOC;VOC-LUM;B.1.1.529;975;58
4;2022-08-30 00:33:11;2022-08-08;BA.5;Omicron;VOC;VOC-LUM;B.1.1.529;975;900
4;2022-08-30 00:33:11;2022-08-08;BA.2.75;Omicron;VOI;VOC-LUM;BA.2;975;9
4;2022-08-30 00:33:11;2022-08-08;BA.2+S:L452X;Omicron;VOI;;BA.2;975;2
4;2022-08-30 00:33:11;2022-08-08;BA.2.12.1;Omicron;VOI;VOC-LUM;BA.2+S:L452X;975;2
4;2022-08-30 00:33:11;2022-08-08;BA.3;Omicron;VUM;;B.1.1.529;975;0
4;2022-08-30 00:33:11;2022-08-08;B.1.617.2;Delta;DEV;;;975;0
4;2022-08-30 00:33:11;2022-08-08;B.1.351;Beta;DEV;;;975;0
4;2022-08-30 00:33:11;2022-08-08;P.1;Gamma;DEV;;;975;0
4;2022-08-30 00:33:11;2022-08-08;B.1.1.7;Alpha;DEV;;;975;0
4;2022-08-30 00:33:11;2022-08-08;B.1.621;Mu;DEV;;;975;0
4;2022-08-30 00:33:11;2022-08-08;C.37;Lambda;DEV;;;975;0
